id,sentences,label
1,너와 함께라면 어디든 행복할 수 있어.,13
2,너만 보면 행복이 느껴지는 순간이야.,13
3,우리의 행복한 순간이 계속해서 이어지길 바래.,13
4,너 없인 행복은 상상도 할 수 없어.,13
5,함께 있으면 모든 순간이 행복으로 가득 차.,13
6,너와 함께하는 모든 순간이 가장 큰 행복이야.,13
7,너와 함께 있는 동안 항상 행복함을 느껴.,13
8,너와 함께 행복한 기억을 쌓아가고 싶어.,13
9,우리는 서로를 행복하게 만들어주는 존재야.,13
10,우리의 사랑은 항상 행복과 함께하길 바래.,13
11,함께하는 모든 순간이 가장 큰 행복인 걸 알아.,13
12,네 미소가 지닌 행복은 나에게도 전해져.,13
13,네 곁에서 행복을 느낄 수 있어 고마워.,13
14,우리의 사랑이 행복한 미래로 이어지길 바래.,13
15,우리는 서로에게 가장 큰 행복을 선물하는 사랑이야.,13
16,너와 함께한 모든 순간은 나에게 큰 행복이야.,13
17,"너와 나, 우리만이 느낄 수 있는 특별한 행복.",13
18,너라는 사람을 만나 행복에 대한 의미가 달라졌어.,13
19,너와 함께 있는 모든 순간이 행복의 꽃이야.,13
20,우리의 사랑이라는 이름으로 행복한 이야기를 쓰자.,13
21,너와 함께라면 어떤 어려움도 행복으로 바꿀 수 있어.,13
22,너와 함께한 기억들이 내게 가장 큰 행복이야.,13
23,너 없이 행복은 상상할 수 없는 걸 알았어.,13
24,네 미소만으로도 내 마음은 행복에 가득 차.,13
25,우리의 행복한 순간들이 영원히 이어지길 바래.,13
26,너의 미소가 내게 주는 행복은 이 세상 어디에도 없는 걸.,13
27,너와 함께하는 모든 날이 행복으로 가득차 있어.,13
28,우리가 함께하는 모든 순간을 행복한 기억으로 남길게.,13
29,너와 함께하는 여정 속에는 행복만이 가득할 거야.,13
30,우리의 행복한 기억이 모여 특별한 이야기를 만들어.,13
31,함께 있는 모든 순간이 행복 그 자체인 것 같아.,13
32,너와 함께 한 시간이 지역 건강이 있는 행복한 순간이야.,13
33,행복이란 단순한 단어가 아니라 너를 의미해.,13
34,너를 만난 순간부터 내 인생은 행복의 시작이었어.,13
35,너로 인해 나의 모든 순간이 행복으로 가득 차 있어.,13
36,네 곁에서 나는 행복을 느끼며 살아간다.,13
37,너와 함께 해야 하는 모든 일이 행복으로 이어질 거야.,13
38,우리의 사랑이 이루어지는 모든 순간은 행복으로 가득할 거야.,13
39,너와 함께 하는 모든 순간은 행복한 미래를 준비하는 시간이야.,13
40,너의 웃음만으로도 내 맘은 행복으로 넘쳐 흐르고 있어.,13
41,너와 함께하는 여정 속에는 행복한 기억만이 쌓여가고 있어.,13
42,우리가 함께한 모든 기억이 내게 가장 큰 행복의 원천이야.,13
43,네 곁에서 느끼는 행복이 얼마나 큰지 너도 알거야.,13
44,너와 함께하는 모든 순간이 행복으로 가득할 수밖에 없어.,13
45,우리가 함께하는 모든 순간은 행복을 만들어 내는 마법이야.,13
46,너와 나는 서로의 행복을 더해가며 성장하는 것 같아.,13
47,우리의 사랑이라는 이름으로 행복한 이야기를 쓰려고 해.,13
48,너와 함께하는 모든 순간은 나에게 무한한 행복을 선물해.,13
49,너와 함께 했던 모든 날들이 내게 가장 큰 행복의 소중한 기억이야.,13
50,우리가 함께 있는 이 순간이 내게는 절대적인 행복의 증거야.,13
51,"함께하는 모든 순간이 행복하고 소중해. 우리의 사랑을 기념하며, 더 높은 곳을 향해 함께 나아가자.",13
52,"당신과 함께하는 모든 순간이 특별하다. 우리의 기념일을 축하하며, 영원한 사랑으로 함께할 거야.",13
53,"함께라는 게 얼마나 큰 힘이 되는지, 우리는 잘 알고 있어. 오늘 기념일을 맞아 더욱 더 강하게 서로를 지지해주자.",13
54,"당신과 함께하는 시간은 나에게 무궁무진한 행복을 주는 순간이야. 우리의 사랑을 기념하며, 더 많은 꿈을 함께 이루는 날이 되길 기대해.",13
55,"함께라면 어떤 어려움이 올지 몰라도, 우리는 더욱 강해지게 될 거야. 오늘은 우리의 사랑을 기념하며, 앞으로의 여정도 함께해보자.",13
56,"당신과 함께한 기억들이 나를 더욱 강하게 만들어줘. 오늘은 우리의 사랑을 기념하며, 더 깊은 사랑을 키워가는 날이 될 거야.",13
57,"함께하는 모든 순간이 나에게는 특별하고 소중한 순간이야. 우리의 기념일을 축하하며, 앞으로도 변함없는 사랑을 나누기를 기대해.",13
58,"함께라는 게 얼마나 큰 축복인지, 너와 함께하는 모든 순간을 통해 깨달았어. 오늘은 우리의 사랑을 기념하며, 새로운 꿈과 희망으로 가득 찬 날을 맞이하자.",13
59,"당신과 함께한 모든 날이 나에게는 특별한 날이야. 오늘은 우리의 사랑을 기념하며, 서로의 키스로 더욱 행복한 순간을 만들어보고 싶어.",13
60,"함께라는 게 얼마나 큰 힘이 되는지, 매 순간을 함께하며 깨달았어. 오늘은 우리의 사랑을 기념하며, 서로를 위로하고 지지하는 날로 만들어보자.",13
61,"당신과 함께하는 모든 순간이 나에게는 특별하고 큰 행복이야. 오늘은 우리의 사랑을 기념하며, 더 강한 사랑으로 함께 한 걸음 더 나아가보자.",13
62,"함께라는 건 얼마나 소중한 것인지를 매번 느낄 수 있게 해줘. 오늘은 우리의 사랑을 축하하며, 새로운 꿈과 희망으로 가득 찬 날을 만들어보자.",13
63,"당신과 함께한 모든 순간이 나에게는 기특한 순간이야. 오늘은 우리의 사랑을 기념하며, 서로가 함께 있는 특별한 순간을 더욱 아껴보고 싶어.",13
64,"함께라는 게 얼마나 큰 힘이 되는지, 우리는 잘 알고 있어. 오늘은 우리의 사랑을 기념하며, 더욱 깊은 사랑을 키워가는 날이 되길 바래.",13
65,"당신과 함께하는 모든 순간이 나에게는 소중하고 특별한 순간이야. 오늘은 우리의 기념일을 축하하며, 서로 다정한 마음으로 함께하는 시간을 더욱 소중히 가지고 싶어.",13
66,"함께라는 건 얼마나 큰 축복인지를 너와 함께하면서 느꼈어. 오늘은 우리의 사랑을 기념하며, 영원한 사랑으로 함께하는 날이 되길 기대해.",13
67,"당신과 함께한 순간들이 나를 웃게 만들어줘. 우리의 사랑을 기념하며, 서로의 품에 안겨 더 행복한 날을 보내보고 싶어.",13
68,"함께하는 모든 순간이 나에게는 소중한 선물이야. 오늘은 우리의 기념일을 축하하며, 서로를 향한 사랑을 더욱 깊이 느껴보고 싶어.",13
69,"함께하는 것이 얼마나 소중한 지를 너와 함께하며 깨달았어. 오늘은 우리의 사랑을 기념하며, 더욱 강한 사랑으로 서로를 지지해주는 날을 만들어보자.",13
70,"당신과 함께하는 모든 순간이 나에게는 큰 행복이야. 오늘은 우리의 사랑을 기념하며, 즐거운 시간을 함께 보내는 날이 되길 기대해.",13
71,"함께하는 것이 얼마나 특별한 일인지, 그 의미를 너와 함께하며 알게 된 거 같아. 오늘은 우리의 사랑을 기념하며, 서로에게 더욱 큰 힘이 되어주는 날로 만들어보자.",13
72,"당신과 함께한 모든 순간이 나에게는 특별한 기억으로 남아. 오늘은 우리의 기념일을 축하하며, 서로의 곁에서 더욱 강한 사랑을 나누는 날이 되길 바래.",13
73,"함께한 순간들이 날 더욱 강하게 만들어줘. 오늘은 우리의 사랑을 기념하며, 함께하는 날들의 소중함을 다시 한 번 느껴보고 싶어.",13
74,"함께하는 모든 순간이 나에게는 큰 지지가 되어줘. 오늘은 우리의 사랑을 기념하며, 함께하는 순간을 더욱 소중하게 만들어보고 싶어.",13
75,"당신과 함께하는 모든 순간이 나에게는 사랑스러운 선물 같아. 오늘은 우리의 기념일을 축하하며, 서로를 지지해주는 사랑스러운 마음을 더욱 깊이 느껴보고 싶어.",13
76,"함께하는 것이 얼마나 소중한지를 너와 함께하며 알 수 있었어. 오늘은 우리의 사랑을 기념하며, 더욱 큰 사랑으로 함께하는 날이 되길 기도해.",13
77,"당신과 함께한 모든 순간이 나에게는 큰 축복이야. 오늘은 우리의 사랑을 기념하며, 서로를 위로하고 지지하는 날로 만들어보고 싶어.",13
78,"함께하는 순간이 나에게는 소중한 기억으로 남아. 오늘은 우리의 기념일을 축하하며, 서로의 마음을 더욱 깊이 공유해보고 싶어.",13
79,"함께 한 것이 얼마나 소중한 일인지, 그 의미를 함께하며 깨달았어. 오늘은 우리의 사랑을 기념하며, 더욱 강한 사랑으로 서로를 지지해주는 날을 만들어보자.",13
80,"당신과 함께하는 모든 순간이 나에게는 큰 행복이야. 오늘은 우리의 사랑을 기념하며, 함께하는 날들의 소중함을 다시 한 번 느껴보고 싶어.",13
81,"함께한 순간들이 날 더욱 강하게 만들어줘. 오늘은 우리의 기념일을 축하하며, 함께하는 순간을 더욱 소중하게 만들어보고 싶어.",13
82,"함께하는 모든 순간이 나에게는 큰 지지가 되어줘. 오늘은 우리의 사랑을 기념하며, 함께하는 순간을 더욱 소중하게 만들어보고 싶어.",13
83,"당신과 함께하는 모든 순간이 나에게는 사랑스러운 선물 같아. 오늘은 우리의 기념일을 축하하며, 서로를 지지해주는 사랑스러운 마음을 더욱 깊이 느껴보고 싶어.",13
84,"함께하는 것이 얼마나 소중한지를 너와 함께하며 알 수 있었어. 오늘은 우리의 사랑을 기념하며, 더욱 큰 사랑으로 함께하는 날이 되길 기도해.",13
85,"당신과 함께한 모든 순간이 나에게는 큰 축복이야. 오늘은 우리의 사랑을 기념하며, 서로를 위로하고 지지하는 날로 만들어보고 싶어.",13
86,"함께하는 순간이 나에게는 소중한 기억으로 남아. 오늘은 우리의 기념일을 축하하며, 서로의 마음을 더욱 깊이 공유해보고 싶어.",13
87,"함께 한 것이 얼마나 소중한 일인지, 그 의미를 함께하며 깨달았어. 오늘은 우리의 사랑을 기념하며, 더욱 강한 사랑으로 서로를 지지해주는 날을 만들어보자.",13
88,"당신과 함께하는 모든 순간이 나에게는 큰 행복이야. 오늘은 우리의 사랑을 기념하며, 함께하는 날들의 소중함을 다시 한 번 느껴보고 싶어.",13
89,"함께한 순간들이 날 더욱 강하게 만들어줘. 오늘은 우리의 기념일을 축하하며, 함께하는 순간을 더욱 소중하게 만들어보고 싶어.",13
90,"함께하는 모든 순간이 나에게는 큰 지지가 되어줘. 오늘은 우리의 사랑을 기념하며, 함께하는 순간을 더욱 소중하게 만들어보고 싶어.",13
91,"당신과 함께하는 모든 순간이 나에게는 사랑스러운 선물 같아. 오늘은 우리의 기념일을 축하하며, 서로를 지지해주는 사랑스러운 마음을 더욱 깊이 느껴보고 싶어.",13
92,"함께하는 것이 얼마나 소중한지를 너와 함께하며 알 수 있었어. 오늘은 우리의 사랑을 기념하며, 더욱 큰 사랑으로 함께하는 날이 되길 기도해.",13
93,"당신과 함께한 모든 순간이 나에게는 큰 축복이야. 오늘은 우리의 사랑을 기념하며, 서로를 위로하고 지지하는 날로 만들어보고 싶어.",13
94,"함께하는 순간이 나에게는 소중한 기억으로 남아. 오늘은 우리의 기념일을 축하하며, 서로의 마음을 더욱 깊이 공유해보고 싶어.",13
95,"함께 한 것이 얼마나 소중한 일인지, 그 의미를 함께하며 깨달았어. 오늘은 우리의 사랑을 기념하며, 더욱 강한 사랑으로 서로를 지지해주는 날을 만들어보자.",13
96,"당신과 함께하는 모든 순간이 나에게는 큰 행복이야. 오늘은 우리의 사랑을 기념하며, 함께하는 날들의 소중함을 다시 한 번 느껴보고 싶어.",13
97,"함께한 순간들이 날 더욱 강하게 만들어줘. 오늘은 우리의 기념일을 축하하며, 함께하는 순간을 더욱 소중하게 만들어보고 싶어.",13
98,"함께하는 모든 순간이 나에게는 큰 지지가 되어줘. 오늘은 우리의 사랑을 기념하며, 함께하는 순간을 더욱 소중하게 만들어보고 싶어.",13
99,"당신과 함께하는 모든 순간이 나에게는 사랑스러운 선물 같아. 오늘은 우리의 기념일을 축하하며, 서로를 지지해주는 사랑스러운 마음을 더욱 깊이 느껴보고 싶어.",13
100,"함께하는 것이 얼마나 소중한지를 너와 함께하며 알 수 있었어. 오늘은 우리의 사랑을 기념하며, 더욱 큰 사랑으로 함께하는 날이 되길 기도해.",13
101,너와 함께한 모든 순간은 내게 소중한 기억으로 남아.,13
102,"당신과 함께한 첫 만남부터 오늘까지, 모든 순간이 내게 소중한 보물이야.",13
103,당신과 함께하는 모든 순간이 나에게는 소중한 선물이야.,13
104,우리의 모든 순간이 나에겐 가장 소중한 보물이야.,13
105,우리의 사랑은 소중한 귀갓길을 걷고 있어.,13
106,너와 함께 보낸 모든 순간이 나에겐 소중한 이야기야.,13
107,내 마음 깊은 곳에 담긴 너와의 소중한 기억들.,13
108,"오직 너만이 가진 소중한 내 맘, 기념일 축하해.",13
109,우리의 사랑은 소중한 꽃처럼 아름다워.,13
110,당신과 함께한 모든 순간이 내게는 소중한 기념일이야.,13
111,너와 함께 있는 모든 순간이 나에겐 가장 소중한 선물이야.,13
112,당신과 함께한 여정은 내게 소중한 보물로 남을 거야.,13
113,당신과 함께한 모든 순간은 나에게 가장 소중한 보물이야.,13
114,너와 함께하는 모든 순간이 나에게는 소중한 기억으로 남아.,13
115,우리의 사랑은 소중한 귀갓길을 걷는 중이야.,13
116,너와 함께한 모든 순간이 나에겐 소중한 다짐이야.,13
117,내 안의 당신과의 소중한 기억들이 피어나.,13
118,당신과의 특별한 사랑이 나에겐 소중한 선물이야.,13
119,우리의 사랑은 소중한 바다의 보석과 같아.,13
120,당신과 함께한 모든 순간이 내게는 소중한 이야기야.,13
121,내 가슴 깊은 곳에 담긴 너와의 소중한 추억들.,13
122,"오직 너만이 갖고 있는 소중한 내 심장, 축하해.",13
123,우리의 사랑은 소중한 향기를 품고 있어.,13
124,당신과 함께한 모든 순간이 나에게는 소중한 기념일이야.,13
125,너와 함께하는 모든 순간이 나에겐 가장 소중한 기회야.,13
126,당신과 함께하는 여정은 나에겐 소중한 선물로 남을 거야.,13
127,당신과 함께한 모든 순간은 내게 가장 소중한 기억이야.,13
128,너와 함께하는 모든 순간이 나에게는 소중한 미래로 이어져.,13
129,우리의 사랑은 소중한 빛을 내뿜고 있어.,13
130,너와 함께한 모든 순간이 나에게는 소중한 기념으로 남아.,13
131,당신과 함께한 특별한 사랑이 나에게 소중한 기뻐함이야.,13
132,우리의 사랑은 소중한 별의 빛과 같아.,13
133,당신과 함께한 모든 순간이 내게는 소중한 기쁨이야.,13
134,내 안의 당신과의 소중한 이야기들이 피어나.,13
135,당신과의 사랑이 나에게는 소중한 선물처럼 솟구칠 거야.,13
136,우리의 사랑은 소중한 노래처럼 내 귀에 메아들어.,13
137,너와 함께한 모든 순간이 내게는 가장 소중한 기름이야.,13
138,우리의 사랑은 소중한 태양빛을 내리쬐고 있어.,13
139,당신과 함께한 모든 순간이 나에겐 소중한 아름다움이야.,13
140,너와의 사랑이 내 안에 오직 소중한 기억으로 남아있어.,13
141,우리의 사랑은 소중한 삶의 의미와 함께하는 중이야.,13
142,당신과 함께한 여정이 나에겐 가장 소중한 메아리로 남아.,13
143,당신과 함께한 모든 순간은 내게 있어 가장 소중한 보물이야.,13
144,너와 함께하는 모든 순간이 나에게 소중하고 아름다운 순간으로 이어져.,13
145,우리의 사랑은 소중한 행복의 씨앗을 심어주고 있어.,13
146,당신과 함께한 모든 순간이 내게는 소중한 공간이야.,13
147,너와 함께한 모든 순간은 나를 소중하게 만들어.,13
148,내 마음 깊은 곳에 담긴 너와의 소중한 추억들.,13
149,당신과의 사랑은 나에겐 가장 소중한 선물이야.,13
150,우리의 사랑은 소중한 햇빛과 같이 나를 비추고 있어.,13
151,내 곁에 있어줘서 고마워. 계속해서 사랑할게.,13
152,당신은 나의 사랑의 빛이야. 기억에 남는 순간들이 많아.,13
153,우리의 사랑은 영원히 변하지 않을 거야. 함께해줘서 고마워.,13
154,당신과 함께한 날들이 너무 소중하고 행복해.,13
155,당신이 내 영혼의 반쪽이야. 우리의 사랑은 영원하리.,13
156,네 미소가 나를 행복하게 해. 당신과의 기념일을 축하하며.,13
157,지금 이 순간에도 네가 내 곁에 있다는 것이 행복해.,13
158,우리의 사랑은 무한한 것 같아. 당신이 내 특별한 기념일이야.,13
159,당신과 함께한 모든 순간이 소중하고 영원할 거야.,13
160,너와 함께 있는 모든 순간이 특별해. 우리의 사랑이 더 깊어지길.,13
161,네 눈빛이 나에게는 전부야. 당신과의 기억을 다시 만들어가며.,13
162,우리의 사랑은 바람에 흩어질 수 없는 묵은 종이처럼.,13
163,당신은 내 가장 아름다운 사랑이야. 영원토록 함께하자.,13
164,서로를 위한 사랑으로 가득찬 우리의 기념일을 축하해.,13
165,우리의 사랑은 어느새 더 깊어져 있다. 당신이 내게 특별한 존재야.,13
166,당신과 함께한 모든 순간이 나에게는 행복의 소중한 기억.,13
167,우리의 사랑은 시간이 흘러도 변하지 않아. 영원하게 사랑해.,13
168,당신과 함께한 이 길이 모두가 맞는 길이라고 느껴져.,13
169,당신과 함께한 모든 순간이 내 인생의 보물이야.,13
170,"우리의 사랑을 기념하는 오늘, 너에게 특별한 말을 전하고 싶어.",13
171,너의 사랑이 나에게는 생명의 원동력이야. 당신이 나의 전부.,13
172,너와 함께한 지난 일년이 정말 소중하고 특별해.,13
173,"영원토록 함께 할 수 있음에 감사하며, 사랑해.",13
174,우리가 함께 걷는 이 길은 끝이 보이지 않을 만큼 아름다워.,13
175,당신의 사랑이 나의 힘이 되어주는 것 같아. 함께한 지난 한 해를 되돌아보며.,13
176,우리의 사랑은 각인처럼 깊게 새겨져 있어. 서로를 향한 마음을 담아.,13
177,당신은 나의 하루의 빛이야. 당신과의 기념일을 축하하며.,13
178,오늘은 어제보다 더욱 사랑스런 당신과의 특별한 날이야.,13
179,당신과 있을 때 행복한 일들로 가득 차있어. 우리의 사랑이 깊어져가는 기념일을 축하해.,13
180,너와 함께 있으면 모든 것이 완벽해지는 것 같아. 당신과 함께한 기억을 되새겨보며.,13
181,우리의 사랑은 시간과 공간을 초월하는 특별한 것이야.,13
182,당신의 손을 잡는 감촉이 늘 따뜻하고 편안해. 함께한 순간들을 회상하며.,13
183,당신과 함께한 지난 날들은 나에게 특별한 의미가 있어.,13
184,너를 만난 건 인생의 가장 큰 축복이야. 너와의 기념일을 맞아.,13
185,당신과 함께한 모든 순간이 내게는 행복의 소중한 기억이야.,13
186,우리의 사랑은 시간이 흘러도 변함없이 깊어지고 있어.,13
187,당신이 내 곁에 있으면 모든 일이 완벽한 것 같아.,13
188,우리의 사랑은 미래를 향해 계속해서 성장해나갈 거야. 함께한 기념일을 축하하며.,13
189,당신과 함께한 지난 한 해는 정말 특별하고 소중했어.,13
190,당신은 나에게는 세상에서 가장 소중한 존재야. 이 특별한 날을 함께하며.,13
191,나의 사랑은 너에게 영원히 속해있어. 우리의 기념일을 축하하며.,13
192,당신과 있으면 행복이 넘쳐나는 것 같아. 너와의 특별한 기념일을 기억하며.,13
193,우리의 사랑은 눈부신 별처럼 빛나고 있어. 서로를 사랑하며.,13
194,"당신이 내게 준 사랑은 영원히 감사하고, 소중히 여길게.",13
195,너와 함께한 모든 순간이 특별하고 소중하게 느껴져.,13
196,"우리가 만난 것은 인연이었고, 사랑으로 이어진 것이야. 함께한 기념일을 축하하며.",13
197,당신은 나의 삶의 전부. 함께한 모든 순간을 회상하며.,13
198,너와의 사랑이 내 인생에 더해지는 큰 축복이야. 함께한 기념일을 되새기며.,13
199,"나의 사랑에 당신의 사랑을 더해가며, 서로를 향한 마음을 전하고 싶어.",13
200,우리의 사랑은 이제 시작에 불과할 뿐. 당신과 함께하는 모든 순간이 소중한 것 같아.,13
201,당신과 함께하는 모든 순간이 특별하고 소중해요.,13
202,사랑하는 당신이 내 삶을 밝혀줘요.,13
203,당신과 함께하는 모든 순간이 나에게 행복을 선물해요.,13
204,사랑한다는 말로 표현할 수 없는 당신의 소중함.,13
205,당신과 함께 한 해가 가장 빛나는 기억이에요.,13
206,당신과 함께하는 시간이 가장 소중한 기념일이에요.,13
207,당신은 나의 열정과 사랑이 담긴 특별한 사람이에요.,13
208,사랑하는 당신이 내게 준 특별한 선물.,13
209,당신이 내게 주는 사랑은 영원히 간직할 거예요.,13
210,당신과 함께하는 기념일이 내 삶의 소중한 순간이에요.,13
211,나에게도 당신처럼 사랑받을 자격이 있을까요?,13
212,내 사랑은 당신과 함께 행복을 더 향해 나아갈 거예요.,13
213,사랑스러운 당신이 나의 가장 큰 힘이에요.,13
214,당신은 내게 주는 사랑으로 채워지는 특별한 사람이에요.,13
215,당신과 함께하는 모든 순간이 나에게 선물이에요.,13
216,당신과 함께한 지난 시간은 언제나 행복으로 가득 찬 소중한 순간들이었습니다.,13
217,너와 함께한 기억만으로도 마음이 따뜻해지는 기념일이에요.,13
218,우리의 사랑은 더 깊어지는 날마다 더욱 아름다워져요.,13
219,너와 함께한 시간은 영원히 기억될 소중한 보물이에요.,13
220,당신과 함께하는 모든 순간이 특별한 기쁨으로 가득하네요.,13
221,사랑하는 당신과 함께한 기억은 영원토록 마음에 간직할 거예요.,13
222,기념일을 맞이해서 더욱 더 사랑으로 가득한 하루가 되길 바랄게요.,13
223,당신과 함께한 시간은 내 인생에서 가장 소중하고 빛나는 순간들이에요.,13
224,사랑의 의미를 당신과 함께하는 기념일마다 깨닫게 되어요.,13
225,우리의 사랑은 세월이 지나도 변함없이 가득한 것 같아요.,13
226,당신과 함께한 여정은 항상 새로움과 행복으로 가득찬 기억들이었어요.,13
227,서로를 향한 사랑과 이해가 만들어낸 오늘을 축하합니다.,13
228,당신과 함께한 하루가 온통 행복으로 가득했던 소중한 시간이었어요.,13
229,우리의 사랑은 강해지고 풍요로워지는 것 같아요.,13
230,당신과 함께한 세월은 고마움과 행복으로 가득했던 것 같아요.,13
231,우리의 사랑이 더욱 빛날 수 있도록 계속 노력할게요.,13
232,나에게 있어서 당신과의 만남은 가장 소중한 순간이에요.,13
233,당신과 함께한 기억은 내게 있어서 가장 사랑스러운 것이에요.,13
234,사랑하는 당신과 함께한 모든 날이 나에게는 큰 축복이에요.,13
235,당신과 함께한 시간은 내 인생에서 가장 빛나는 순간들이었어요.,13
236,우리의 사랑은 세월이 지날수록 더욱 깊어지고 아름다워져요.,13
237,너와 함께한 기념일은 영원토록 마음에 남을 소중한 날이에요.,13
238,우리의 사랑은 특별한 날마다 더욱 빛을 발하고 있어요.,13
239,너와 함께한 순간이 내게 끝없는 행복과 충만함을 안겨줘요.,13
240,당신과의 사랑은 세월이 지나도 변하지 않는 아름다운 이야기라고 생각해요.,13
241,당신과 함께한 기억은 나에게 있어서 가장 큰 보물이에요.,13
242,당신과 함께한 하루는 항상 내게 특별한 행복으로 기억됩니다.,13
243,우리의 사랑은 서로를 이해하고 품안에서 행복을 느낄 수 있는 보석 같아요.,13
244,당신과 함께한 시간은 마치 꿈처럼 아름다운 기억으로 남아요.,13
245,우리 사랑은 서로에게 영원토록 가득한 행복과 사랑으로 이루어져 있어요.,13
246,너와 함께한 모든 기억은 내게 있어서 특별한 소중함으로 남아요.,13
247,사랑하는 나의 이상적인 상대와 함께한 시간은 끝없는 축복이에요.,13
248,당신과의 사랑은 내게 있어서 가장 큰 행복의 원동력이에요.,13
249,너와 함께한 기억은 나에게 있어서 무한한 행복의 원천이에요.,13
250,우린 함께한 여정을 통해 더욱 강해지고 서로를 이해하며 성장할 수 있었어요.,13
251,당신과 함께한 모든 게 특별하고 소중했던 것 같아요.,13
252,우리의 사랑은 서로를 향한 진심이 담긴 감동적인 이야기 같아요.,13
253,당신과 함께한 순간은 내게 있어서 가장 특별한 보물이에요.,13
254,너와 함께한 모든 오랜 기억이 내게는 끝없는 행복의 근원이었어요.,13
255,당신과 함께한 이 순간이 있음에 감사하며 항상 영원토록 기억할게요.,13
256,우리의 사랑은 서로를 이해하고 따뜻하게 사랑하는 것으로 가득차 있어요.,13
257,너와 함께한 세월은 나에게 무한한 행복과 충만함을 안겨주었어요.,13
258,당신과 같이 있는 시간은 마치 별빛이 가득한 하늘처럼 아름다워요.,13
259,우리 사랑은 서로를 보듬고 이해하며 더욱 깊어져갔어요.,13
260,당신과 함께한 기억은 나에게 있어서 가장 큰 행복의 근원이에요.,13
261,너와 함께한 순간들이 내게는 매일매일의 축복과 행운이었어요.,13
262,사랑하는 너와 함께한 모든 순간이 내게 무한한 기쁨의 향연이었어요.,13
263,우리의 사랑은 두려움 없는 마음으로 서로를 받아들이고 이해하는 것이에요.,13
264,너와 같이 있는 모든 순간은 내게 있어서 가장 아름다운 선물이에요.,13
265,당신과 함께한 모든 건 오직 행복과 사랑으로 가득 차있는 특별한 것이에요.,13
266,사랑하는 당신과 함께한 매일이 기념일 같아요.,13
267,내 인생의 가장 아름다운 순간은 당신과 함께한 날입니다.,13
268,기념일을 맞이해서 더 많이 사랑한다는 걸 느껴요.,13
269,당신과 함께한 기억들이 나를 행복하게 만들어줘요.,13
270,오늘은 우리 사랑의 새로운 시작일이에요.,13
271,서로를 위한 사랑으로 채워진 우리의 시간이 기특합니다.,13
272,당신과 함께한 기념일은 내 인생의 소중한 보물이에요.,13
273,당신과 함께할 때마다 내 안에 피어나는 사랑의 꽃들이 예쁘죠.,13
274,기념일이 지날수록 우리 사이의 사랑이 더 깊어지는 것 같아요.,13
275,"당신을 만나 사랑을 알았고, 그 사랑은 더욱 커져가요.",13
276,우리의 사랑은 기념일마다 더욱 강해져 가는 것 같아요.,13
277,기념일을 맞아 당신과의 사랑을 다시 한 번 확인해요.,13
278,당신과 함께한 모든 순간이 기억 속의 소중한 보물이에요.,13
279,기념일을 맞아 당신에 대한 사랑이 더욱 깊어져 가요.,13
280,당신과 함께한 날들이 내 인생의 가장 특별한 순간이에요.,13
281,당신과 함께한 기념일은 내 인생의 큰 이야기 중 하나에요.,13
282,당신과 함께 기념일을 보낼 때마다 사랑이 커져갑니다.,13
283,당신의 사랑은 나에게 기념일마다 새로운 감동을 선물해줘요.,13
284,기념일을 맞아 당신과 함께한 순간들로 가득 차 있어요.,13
285,당신과 함께한 기념일은 나에게 새로운 희망을 줘요.,13
286,당신과 함께한 기념일은 나에게 더 큰 용기를 주는 것 같아요.,13
287,당신을 만난 기념일은 나의 인생을 바꾼 날이에요.,13
288,당신과 함께한 모든 순간이 나를 더욱 풍요롭게 만들어 줘요.,13
289,당신의 사랑은 나에게 매일이 기념일 같아요.,13
290,당신과 함께한 날들은 내 인생의 가장 아름다운 순간이에요.,13
291,기념일을 맞이해서 당신을 더욱 사랑한다는 걸 느껴요.,13
292,당신과 함께한 모든 순간이 나를 더욱 감동시켜줘요.,13
293,당신과 함께한 기념일은 나에게 행복의 무게를 가르쳐 줘요.,13
294,당신과 함께한 날들이 나를 더욱 높은 곳으로 이끌어줘요.,13
295,당신을 만난 것이 나의 가장 큰 행운이에요.,13
296,당신과 함께한 기념일은 나에게 더 큰 희망을 주는 것 같아요.,13
297,당신과 함께한 순간들은 나에게 영원히 간직할 값어치가 있어요.,13
298,기념일을 맞이해서 당신에 대한 사랑을 다시 한 번 확인해요.,13
299,당신과 함께한 모든 순간이 나를 더욱 성장시켜줘요.,13
300,당신과 함께한 기념일은 나에게 더욱 큰 자부심을 줘요.,13
301,당신과 함께한 날들은 나의 인생 곳곳에 향기로운 추억을 심어줘요.,13
302,당신을 만난 것이 나에게 주어진 큰 축복이에요.,13
303,당신과 함께한 기념일을 맞이하면 늘 더 감사하고 싶어져요.,13
304,당신과 함께한 기념일은 나에게 새로운 시작의 가능성을 보여줘요.,13
305,당신을 사랑하는 마음은 기억 속에 새록새록 남아있어요.,13
306,당신과 함께한 모든 순간이 나를 더욱 완전한 사람으로 만들어 줘요.,13
307,당신과 함께한 기념일은 나에게 더 많은 것을 꿈꾸게 해줘요.,13
308,당신과 함께한 날들이 나를 더욱 풍성한 사람으로 만들어 줘요.,13
309,당신을 만난 기념일은 나에게 영원토록 간직하고 싶은 소중한 추억이에요.,13
310,당신과 함께한 기념일은 나의 삶에 깊은 의미를 부여해 줘요.,13
311,당신과 함께한 날들은 나에게 새로운 가능성을 열어줘요.,13
312,기념일을 맞이해서 당신을 만난 것에 대해 다시 한 번 감사하고 싶어요.,13
313,당신과 함께한 기념일은 나를 더욱 자신감 넘치는 사람으로 만들어 줘요.,13
314,당신과 함께한 순간들은 나를 더욱 성숙하고 강인한 사람으로 성장시켜줘요.,13
315,당신을 만난 날은 나에게 주어진 가장 큰 축복이에요. 함께한 시간에 항상 감사하고 있어요.,13
316,당신을 만나 사랑으로 가득찬 날들을 보내고 있는 나 자신에게 감사합니다.,13
317,당신과 함께한 시간이 나에게는 가장 소중한 선물이에요. 영원토록 사랑할게요.,13
318,당신과 함께한 모든 순간이 나에게는 영원한 기억으로 남아요. 사랑해요.,13
319,당신은 나에게 넘치는 사랑을 선물해주는 사람이에요. 항상 고마워요.,13
320,당신과 함께한 날들은 하나같이 소중하고 아름다워요. 영원한 사랑을 약속해요.,13
321,당신과 함께한 모든 순간은 나에게는 행복으로 가득 찬 날들이에요. 사랑해요.,13
322,당신의 사랑은 나에게 무한한 힘을 줘요. 항상 고마워요.,13
323,당신과 함께한 모든 순간은 나에게는 하나같이 따뜻하고 아름다워요. 영원한 사랑을 약속해요.,13
324,당신은 나에게 주어진 가장 큰 선물이에요. 항상 함께하고 싶어요.,13
325,당신과 함께한 날들은 하나같이 소중하고 아름다워요. 영원한 사랑을 약속해요.,13
326,당신과 함께하는 모든 순간이 나에게는 발걸음마다 따뜻한 햇살처럼 느껴져요. 사랑해요.,13
327,당신이 나의 곁에 있어준 것만으로도 내게는 큰 축복이야. 영원한 사랑을 약속해요.,13
328,당신과 나의 사랑은 세상 그 무엇보다 소중하고 귀하다고 생각해요. 항상 함께하고 싶어요.,13
329,당신은 나에게 행복과 사랑을 가르쳐준 소중한 사람이에요. 항상 고마워요.,13
330,당신과 함께한 모든 순간은 나에게는 행복으로 가득한 보물 상자 같아요. 영원한 사랑을 약속해요.,13
331,당신은 나에겐 더 큰 의미를 부여하는 사랑이에요. 항상 고마워요.,13
332,당신과 함께한 날들은 하나같이 따뜻하고 아름다워요. 영원한 사랑을 약속해요.,13
333,당신은 나에게는 소중한 사람 중의 소중한 존재에요. 항상 함께하고 싶어요.,13
334,당신과 함께하는 모든 순간이 나에게는 행복으로 가득한 보물 같아요. 사랑해요.,13
335,당신의 사랑은 나에게 가장 소중한 선물이에요. 항상 함께하고 싶어요.,13
336,너와 함께한 모든 순간이 특별해 지는 것 같아요.,13
337,우리의 사랑은 어느 하나 놓칠 수 없을만큼 특별해요.,13
338,"단 하루도 특별하지 않았던 날이 없어, 너와 함께.",13
339,너와 함께하는 모든 순간이 나에겐 특별한 선물이에요.,13
340,우리가 만들어가는 이야기 속에 특별함이 넘쳐나.,13
341,너와 함께 함께하는 모든 날이 특별한 이유 같아요.,13
342,너의 눈빛 하나하나가 나에게 특별한 의미를 줘요.,13
343,우리 사이의 연애는 특별함과 감동으로 가득 차 있어.,13
344,너와 함께하는 모든 순간이 특별한 기억으로 남을 거예요.,13
345,나에겐 너와의 만남이 가장 특별한 순간이었어요.,13
346,너와 함께 한 시간은 얼마나 특별할까요? 그 무한한 특별함을 함께 만들어요.,13
347,우리가 함께한 시간들은 하나같이 특별한 순간들로 기억될 거예요.,13
348,너랑 함께 할 때면 모든 게 특별한 순간이 돼요.,13
349,"우리의 사랑은 특별함으로 가득 차 있어, 그 행복을 함께 나눠요.",13
350,"우리 사이에 특별한 공간이 생겼어요, 너와 나만의 세계처럼.",13
351,너와 함께 한 시간들이 얼마나 특별한지 말로 다 표현할 수 없어요.,13
352,"자꾸 네 생각이 나서, 특별한 시간들이 피어나요.",13
353,너와 함께하는 따스한 시간이 내게는 얼마나 특별한지.,13
354,"아무리 말로 닿지 않아도, 우리의 사랑은 얼마나 특별힌지.",13
355,언제나 너와 함께 해서 너무나 특별해.,13
356,작고 따뜻한 순간들이 얼마나 특별한지.,13
357,네가 보여준 예쁜 미소 하나하나가 특별해.,13
358,우리의 사랑을 담은 순간은 얼마나 특별할까.,13
359,사소한 것 하나까지도 특별한 것 같아.,13
360,너라면 어떤 날도 특별할 거라 믿어.,13
361,네 손을 잡고 있는 순간들이 너무나 특별해.,13
362,단 하루도 너와 함께 한 날이 특별하지 않아.,13
363,우리 사이에 피어나는 감동이 얼마나 특별한지.,13
364,네 눈 속에 비춰지는 특별한 세계가 너무 아름다워.,13
365,우리가 함께 하는 시간들은 얼마나 특별할까.,13
366,하루하루가 너와 함께 특별한 시간이 돼.,13
367,너를 만나서 너무나 특별한 순간들을 쌓아가.,13
368,오늘도 얼마나 특별한 너와 함께 한다면.,13
369,우리 사랑은 얼마나 특별한지 하늘은 알 아야죠.,13
370,너와 함께하는 모든 일들이 너무나 특별해.,13
371,"눈을 마주친 순간, 얼마나 특별한 순간이었던 건지.",13
372,너와 함께 한 모든 순간들이 너무나 특별했어.,13
373,우리 간에 오가는 작은 미소들이 얼마나 특별한지.,13
374,단 하루도 모든 순간이 특별하지 않은 날이 없어.,13
375,너와 함께한 공간이 얼마나 특별했는지.,13
376,네가 있는 이 곳이 어느 때보다 너무나 특별하다.,13
377,우리 옆에서 늘 함께하는 모든 순간들이 얼마나 특별할까.,13
378,너의 미소와 함께 하는 순간이 얼마나 특별한지.,13
379,너와 함께한 날들이 얼마나 특별했는지.,13
380,너의 손을 잡고 있는 것만으로도 얼마나 특별한지.,13
381,너와 함께 영원히 함께 할 수 있다는 사실만으로도 특별하다.,13
382,우리 사이에 있던 모든 순간들이 얼마나 특별한지.,13
383,너와 함께 있는 지금 이 순간도 얼마나 특별한지.,13
384,우리 사이에 피어나는 감동이 얼마나 특별한지.,13
385,너를 사랑하는 마음이 얼마나 특별한지 느껴져. ,13
386,당신과 함께하는 모든 순간이 내게는 소중한 선물이에요. 사랑해요.,13
387,당신의 미소가 나의 하루를 밝혀줘. 사랑해요.,13
388,당신과 함께라면 어떤 날도 특별한 날이 될 것 같아요. 사랑해요.,13
389,내 곁에 있어줘서 고마워요. 당신을 사랑해요.,13
390,당신과 함께하는 시간은 마치 꿈같아요. 사랑해요.,13
391,우리의 사랑은 시간이 흘러도 변하지 않을 거예요.,13
392,당신과 함께하는 모든 순간이 나에게는 소중한 기억이에요. 사랑해요.,13
393,당신과 함께 있는 지금 이 순간이 가장 행복해요. 사랑해요.,13
394,당신을 만난 순간부터 내 인생은 완전히 달라졌어요. 사랑해요.,13
395,당신과 함께하는 날들이 나에게는 최고의 선물이에요. 사랑해요.,13
396,당신과 함께하는 모든 날이 나에게는 소중한 기억이에요. 사랑해요.,13
397,당신의 온정과 사랑이 나를 더욱 강하게 만들어줘요.,13
398,당신의 눈동자에 담긴 사랑을 느낄 수 있어 행복해요. 사랑해요.,13
399,당신을 만나서 내 삶이 풍요로워졌어요. 사랑해요.,13
400,당신과 함께하는 모든 순간이 나에게는 소중한 기회가 되어요. 사랑해요.,13
401,나는 당신과의 만남을 영원히 기억할 거예요. 사랑해요.,13
402,당신과 함께 있는 모든 순간이 나에게는 특별한 순간이에요. 사랑해요.,13
403,당신의 온정과 사랑이 내 마음을 녹여줘요. 사랑해요.,13
404,당신과의 만남은 내 인생에서 가장 큰 선물이에요. 사랑해요.,13
405,당신과 함께하는 모든 날이 나에게는 특별한 의미가 있어요. 사랑해요.,13
406,나는 당신과 함께하는 모든 순간이 특별한 계절이라고 생각해요. 사랑해요.,13
407,당신의 손을 잡으면 모든 고통과 어려움이 사라져요. 사랑해요.,13
408,당신과 함께하는 하루하루가 내게는 소중한 보물이에요. 사랑해요.,13
409,당신과의 사랑으로 인해 내 삶이 더욱 풍요로워졌어요. 사랑해요.,13
410,당신과 함께 있는 모든 순간이 나에게는 특별한 선물이에요. 사랑해요.,13
411,당신과의 만남은 내 인생의 가장 큰 축복이에요. 사랑해요.,13
412,당신의 사랑은 나를 더욱 강하게 만들어줘요. 사랑해요.,13
413,당신과 함께하는 모든 날이 나에게는 특별한 날이에요. 사랑해요.,13
414,당신의 온정과 사랑이 나를 더욱 따뜻하게 만들어줘요. 사랑해요.,13
415,당신을 만나서 내 삶이 더욱 풍요로워졌어요. 사랑해요.,13
416,당신과의 만남은 내 인생에서 가장 크고 소중한 선물이에요. 사랑해요.,13
417,당신과 함께하는 모든 순간이 나에게는 특별한 기회가 되어요. 사랑해요.,13
418,나는 당신과의 만남을 영원히 기억할 거예요. 사랑해요.,13
419,당신과 함께하는 모든 날이 나에게는 소중한 기억이에요. 사랑해요.,13
420,당신과 함께하는 모든 날이 나에게는 특별한 의미를 갖고 있어요. 사랑해요.,13
421,당신의 온정과 사랑이 나를 더욱 강하게 만들어줘요. 사랑해요.,13
422,당신의 눈길에 나의 행복이 넘쳐흐려요. 사랑해요.,13
423,나는 당신과의 만남으로 인해 더욱 풍요로워졌어요. 사랑해요.,13
424,당신과의 모든 순간이 나에게는 소중한 기회가 되어요. 사랑해요.,13
425,당신과 함께하는 모든 날이 나에게는 특별한 날이에요. 사랑해요.,13
426,당신을 만나서 내 삶이 더욱 풍요로워졌어요. 사랑해요.,13
427,당신과 함께하는 모든 순간이 나에게는 특별한 선물이에요. 사랑해요.,13
428,당신과의 만남은 내 인생에서 가장 큰 선물이에요. 사랑해요.,13
429,당신의 사랑은 나를 더욱 강하게 만들어줘요. 사랑해요.,13
430,당신에게 말하지 않아도 당신을 사랑한다는 걸 느낄 수 있어 행복해요.,13
431,당신과 함께하는 모든 순간이 나에게는 소중한 기회가 되어요. 사랑해요.,13
432,당신과의 만남으로 인해 나의 인생은 더욱 풍요로워졌어요. 사랑해요.,13
433,당신과 함께하는 모든 날이 나에게는 특별한 선물이에요. 사랑해요.,13
434,당신과 함께하는 모든 순간이 나에게는 소중한 기회가 되어요. 사랑해요.,13
435,당신과의 만남은 내 인생에서 가장 큰 축복이에요. 사랑해요.,13