id,,category
143, 갑진년 새해가 밝았습니다. 새해 복 많이 받으세요.,0
646,새해 복 많이 받으세요. 올 한해 더 행복하세요.,0
566,"2023년 고생많았어, 새로운 시작을 알리는 2024년에도 우리 같이 파이팅하자! 새해 복 많이 받어!",0
403,"2023년 동안 고생 많으셨습니다. 가지고 있었던 근심·걱정은 2024년 밝게 떠오른 태양으로 던져버리시고, 새해엔 좋은 일만 가득해지시길 바랍니다. ",0
474,2023년 마지막 마무리가 되어갑니다. 한 해 동안 수고 많으셨습니다. 원하는 거 다 이루는 새해 되세요! ,0
130,날씨가 많이 추운데 항상 감기 조심하고 따뜻한 연시 보내~~ 새해 복 많이 받어!,0
122,2023년 수고했어. 2024년은 좋은일만 가득하길 바라. 새해 복 많이 받으세요.,0
55,"2023년 연말 마무리 잘 하시고, 남은 기간 동안 즐겁고 행복한 추억 많이 만드시길 바랍니다. 새해 복 많이 받으세요.",0
579,2023년 한 해 동안 노고가 많으셨습니다. 항상 도움을 주셔서 감사합니다. 행복했던 기억들만 가슴에 담고 새해를 맞이하셨으면 좋겠습니다.,0
532,2023년 한해동안 참 잘 버텨온 너에게 오는 2024년에는 덜 힘들고 더 좋은 일들만 있기를 바래~,0
1002,2023년에도 보살펴 주신 은혜 감사드립니다. 2024년에도 변함없는 마음으로 지켜봐주세요.,0
574,2023년의 마지막인 12월이 다가왔습니다. 이루지 못한 아쉬움은 뒤로 한채 다가오는 2024년을 준비하는 소중한 시간 되세요.,0
565,2024년이 더 멋진 시작이 되기를 기대합니다.,0
310,2024년이 여러분에게 새로운 시작을 가져다 주길 기대합니다.,0
151,2024년 갑진년 새해 복 많이 받으세요.,0
111,2024년 갑진년 청룡의 해에 새해 인사를 드립니다. 새해 복 많이 받으세요.,0
589,2024년 갑진년에는 더욱더 빛나는 한 해가 되길 바라. 늘 응원할게. 파이팅!,0
174,2024년 갑진년에는 소망하시는 모든 일 이루시고 늘 행복한 일만 가득하시길 기원합니다.,0
575,2024년 갑진년에는 소망하시는 모든 일들이 이루어지는 한 해가 되시길 바라며 가정에도 건강과 행복이 늘 함께 하시길 기원합니다.,0
267,2024년 갑진년이 밝았습니다. 새해에는 더욱 풍요롭고 따뜻한 시간 도시길 바랍니다. 새해 복 많이 받으세요.,0
369,"2024년 갑진년이네요~항상 부족한 저를 믿고 응원해 주셔서 감사합니다. 힘든 일이 있을 때면 격려해 주시고, 좋은 일이 있을 때면 저보다 더 기뻐해 주시는 우리 부모님. 저에게 있어서 부모님은 언제나 최고입니다. 늘 따뜻한 사랑과 보살핌을 주셔서 감사합니다. 항상 건강 유념하시고 오래오래 곁에 머물러 주세요! ",0
70,2024년 새해 복 많이 받으세요. 건강과 뜻하는 일 모두 이루어지는 2024년이 되시길 바랍니다.,0
404,2024년 새해를 맞이하여 가족과 함께 행복한 순간을 만끽하시길 기원합니다.,0
145,2024년 새해에는 모든 일이 순조롭게 풀리고 행복한 일들이 가득하시기를 바랍니다.,0
37,2024년 새해에는 행복이 가득한 모든 순간들이 당신을 찾아갈 것입니다.,0
439,2024년 새해인 갑진년 청룡의 해에는 행복한 순간들이 가득하길 기원합니다.,0
246,2024년 청룡의 새해에는 힘차게 도약하는 한 해가 되시길 바랍니다.,0
609,"2024년 청룡의 해, 갑진년입니다! 우리 가족들 모두 새해 복 많이 받으시고 올해는 작년보다 건강하고 행복한 일들이 가득하길 바랍니다~! ",0
548,2024년 청룡의 해에는 지난 해의 모든 아픔을 잊고 새로운 희망을 가지실 수 있기를 기원합니다.,0
482,"2024년, 모든 소망이 이루어지는 새해가 되길 기원합니다.",0
24,"2024년, 모든 소망이 이루어지는 해가 되길 바라요.",0
901,"2024년, 모든 소망이 이루어지는 해가 되길 바랍니다.",0
662,"2024년, 새해 복 많이 받으세요!",0
943,"2024년, 희망찬 새해가 밝았습니다. 올해는 행복한 일들만 가득하시기 바랍니다.",0
1,2024년에는 건강과 행운이 함께하는 행복한 한 해가 되시길 기원합니다.,0
242,2024년에는 더 많은 사랑과 기쁨이 함께 하길 기대합니다.,0
624,2024년에는 더 많은 사랑과 기쁨이 함께하기를 기대합니다.,0
578,2024년에는 더 많은 사랑과 기쁨이 함께하기를 기원합니다.,0
172,2024년에는 더 많은 사랑과 기쁨이 함께하길.,0
999,2024년에는 올해보다 더 많은 행복과 기쁨이 찾아오기를 기원합니다.,0
96,2024년에는 원하는 모든 것이 이루어지길 기원합니다.,0
618,"2024년에는 풍요롭고 행복한 일들이 가득하며, 모든 소망이 이뤄지는 한 해가 되시길 바랍니다.",0
949,2024년에도 웃음과 희망이 가득한 행복한 시간이 되길 기원합니다.,0
414,2024년은 푸른 용의 해라고 합니다. 용의 기운을 받아 새해에도 건강하시고 행복하세요.,0
180,2024년이 드디어 왔네. 나이를 너무 빨리 먹는데ㅠㅠ 새해에는 더욱 더 건강하고 지금처럼 앞으로도 서로 힘이 되어주는 친구가 되도록 하자~ 늘 응원한다!,0
137,"HAPPY NEW YEAR!!! 친구야, 새해 복 많이 받아!!! ",0
3," 갑진년 새해가 밝았습니다. 새해에는 꿈과 목표를 향해 힘차게 나아가시길 바라며, 건강과 행복이 늘 함께하기를 기원합니다.",0
920,"가족과 친구, 모든 이들과 함께하는 즐거운 한 해가 되길 바랍니다.",0
72,"갑진년 새해가 밝았습니다. 새해에는 가족 모두 서로를 사랑하고, 배려하는 마음으로 행복한 가정을 만들어 나가길 기원합니다.",0
196,"갑진년 새해가 밝았습니다. 새해에는 가족 모두 소망하는 일 이루시고, 웃음 가득한 한 해가 되길 기원합니다.",0
202,갑진년 새해가 밝았습니다. 올 한 해도 열정과 노력에 힘입어 좋은 성과를 이룰 수 있었습니다. ,0
29,"갑진년 새해가 밝았어. 새해에는 너에게 좋은 일만 가득하길 바라며, 언제든지 도움이 필요하면 말해줘.",0
76,"갑진년, 푸른 용처럼 좋은 기운이 곁에 머물길 기원합니다.",0
642,갑진년에는 건강과 행운으로 가득한 날들이 함께하길 바랍니다.,0
993,갑진년에는 모든 일들이 평탄하고 안정된 모습으로 진행되길 기원합니다.,0
854,갑진년에는 새로운 도약과 성장이 있는 행복한 해가 되길 기원합니다.,0
557,갑진년에는 새로운 도약과 성장이 있을 토대를 다지며 발전을 이루어나가길 기원합니다.,0
607,갑진년에는 새로운 일들과 기회가 찾아오는 해가 되기를 바랍니다.,0
586,갑진년에는 행복과 사랑이 넘치는 새해가 되길 기원합니다.,0
116,갑진년에는 희망과 기쁨이 넘치는 모습으로 새해를 맞이하길 바랍니다.,0
529,갑진년에는 희망과 변화가 함께하는 새해가 되길 기대합니다.,0
423,갑진년에는 희망과 변화가 함께하는 새해를 맞이하길 바랍니다.,0
304,건강만 해라! ,0
449,건강하고 행복한 한 해 되세요. 새해 복 많이 받으세요.,0
0,건강하고 행복한 한 해 되시길 바랍니다. 새해 복 많이 받으세요.,0
330,새해에는 건강하고 모든 소망이 이루어지는 한해 되길 바랍니다. 새해 복 많이 받으세요.,0
374,건강하고 행복한 2024년 되길.,0
136,"곧 올 해가 끝난다니 시간이 정말 빠르네요. 너무 아쉽지만, 올 해 마무리 잘해 잘 보내주고 2024년을 기쁘게 맞이해 봅시다.",0
208,지난 한 해 동안 정말 감사했습니다.올해도 좋은 가르침 부탁드립니다. 항상 건강하시고 가정에 평안이 깃드시길 바라겠습니다.,0
363,그동안 주셨던 사랑과 은혜에 많이 감사합니다. 그리고 새해 복 많이 받으세요~ 사랑합니다~~,0
68,기쁨이 가득한 해가 되길.,0
453,"기운 넘치는 새해가 되시길 바라며, 새해 복 많이 받으세요!",0
45,기운 넘치는 새해를 맞아 행복한 순간들이 가득하길 기원합니다.,0
272,기운 넘치는 해가 되세요.,0
388,"날씨가 부쩍 추워졌습니다. 이럴 때 일수록 건강 잘 챙기고, 따뜻한 연시 맞길 바래요. 새해 복 많이 받으세요.",0
852,날씨가 점점 추워진다. 정말 연초인가봐! 감기 조심하고 한 해 힘차게 시작하자!,0
438,남은 한해 마무리 잘하시고 늘 건강하시길 바랍니다. 밝아노는 새해에는 더욱 건강하시고 모든 소망이 이루어지는 2024년 되시길 기원합니다.,0
688,"낳아주시고 길러주셔서 감사합니다. 좋은 날, 기쁜 날 함께 할 수 있어서 행복해요.",0
216,내년에도 지금처럼 서로의 곁에서 응원해 주고 힘이 되어주는 존재가 되자!,0
645,"니가 있어서 참 다행이야. 늘 고맙고 소중한 존재야, 새해에도 복 많이 받앙!",0
125,다가오는 새해에는 날아오는 청룡과 같이 계획한 모든 일이 다 잘될거야! 늘 화이팅하고 힘내자! 고맙다!!,0
632,다사다난한 2023년이 갔네요. 2024년 더 행복하세요.,0
54,"다사다난했던 2023년, 힘든 시간을 함께 이겨내 줘서 고마워. 2024년은 더 멋진 모습으로 만나자!",0
182,다사다난했던 2023년도 서서히 저물어가고 있습니다. 올 한해도 수고 많으셨습니다. 밝아오는 새해에는 새 마음 새 뜻으로 계획하는 모든 일이 술술 풀리길 진심으로 바라겠습니다.,0
239,다사다난했던 2023년이 가고 2024년이 밝았습니다. 추운 날씨 속에서도 마음은 포근하고 따뜻한 연시 보내시길 바랍니다.,0
192,다사다난했던 한 해가 저물고 새해가 밝아왔습니다. 새로운 시작은 언제나 가슴을 설레게 합니다. 갑진년에 떠오른 첫 태양처럼 뜨겁고 열정적인 한 해가 되시길 바라겠습니다. 지난해 이루지 못했던 목표와 다짐들이 2024년엔 이루시고 언제나 기쁨과 행복으로 평안한 가정이 되시길 바랍니다.,0
334,당신의 2024년이 꿈과 함께 한 단계 도약하는 해가 되길 진심으로 바라겠습니다.,0
5,더 나은 내일을 향해 함께 걷는 새해가 되길 기대합니다.,0
655,덕분에 행복했던 2023년이었습니다. 2024년에는 제가 더 노력하여 받은 행복과 사랑 베풀수있도록 하겠습니다. 감사합니다.,0
120,따뜻한 말 한마디가 필요한 때입니다. 항상 건강하시고 행운이 가득한 2024년 되시길 바랍니다.,0
927,또 하나의 멋진 해를 함게 맞이하자! 새해에도 변함없이 네 곁에 있을께,0
501,많이 웃고 행복 가득한 한해 보냉ㅎㅎ,0
902,"말도 많고 탈도 많았던 2023년이 저물고, 새해가 밝았습니다! 우리 가족들 지난 1년 동안 너무너무 고생했습니다! 항상 든든한 버팀목으로 지지해 주시는 부모님, 나에게 친구이자 가족인 우리 형제. 덕분에 1년을 잘 보낸 것 같습니다. 올해는 제가 성장하여 은혜를 보답하겠습니다. 새해 복 많이 받으세요.",0
131,모든 계획이 순조롭게 이뤄지는 해가 되길 기원합니다.,0
203,모든 소망이 이루어지는 해가 되길 기원해요. 새해 복 많이 받으세요.,0
358,모든 소망이 이루어지는 해가 되길. 새해 복 많이 받으세요.,0
436,모든 소망이 이뤄지는 해를 맞이하길 바랍니다. 새해 복 많이 받으세요.,0
238,모든 이가 행복한 기운에 감싸여 복이 가득하기를 기원합니다. 새해 복 많이 받으세요.,0
260,모든 이가 행복한 기운에 감싸여 웃는 해가 되길 기원합니다. 새해 복 많이 받으세요.,0
553,모든 이가 행복한 기운에 감싸여 행복이 가득한 해가 되길 바라요. 새해 복 많이 받으세요.,0
428,모든 이의 기쁨이 가득한 해가 되길 바랍니다. 새해 복 많이 받으세요.,0
82,모든 이의 미래가 행복과 희망으로 가득찬 시간이 되길 기원합니다. 새해 복 많이 받으세요.,0
545,모든 이의 새해가 밝아지는 해가 되길 기원합니다. 새해 복 많이 받으세요.,0
444,모든 이의 새해가 행복과 희망으로 가득찬 시간이 되길 기원합니다. 새해 복 많이 받으세요.,0
375,모든 이의 행복과 성공이 가득한 순간들이 가득하길 기원합니다. 새해 복 많이 받으세요.,0
99,모든 일이 순조롭게 흘러가길 기원합니다. 새해 복 많이 받으세요.,0
459,모든 일이 순조롭게 흘러가길 바랍니다. 새해 복 많이 받으세요.,0
650,모든 일이 원활하게 진행되는 새해 되세요. 새해 복 많이 받으세요.,0
107,바람이 세찬 연말입니다. 건강 관리 잘하시고 한해 마무리도 잘 하시길 바랍니다. 새해는 따뜻한 한 해 보내시길 기원합니다.,0
58,"벌써 1년이라는 시간이 흘러 한해 마무리하는 지금, 많은 일들이 있었지만 다 이겨내고 2024년을 맞이하네요. 앞으로도 같이 행복한 시간을 보냈으면 해요.",0
519,벌써 1년이라는 시간이 흘렀어. 그동안 참 많은 일들이 있었지만 다 이겨내고 이렇게 2024년을 맞이하게 됐네. 앞으로도 쭉 꽃길만 걷자. 사랑해♥,0
441,벌써 한 해가 끝나가네! 올해도 너와 함께해서 행복했어. 내년에는 함께 더 행복하자!,0
458,사랑과 은혜로 키워주신 부모님의 은혜에 감사드립니다. 항상 건강하시고 뜻하시는 모든 일들 이루시길 바랍니다.,0
114,사랑하는 친구야! 올 한 해도 우리 우정 변치 말자.,0
324,새해 복 많이 받으세요. 건강하세요.,0
13,"새로운 도전과 성장의 한 해인 2024년, 모든 꿈을 이루실 수 있기를 기원합니다.",0
77,"새로운 시작, 새해 복 많이 받으세요.",0
445,"새로운 시작, 행복한 모든 것들이 매일매일 현실이 되길기를 기대합니다.",0
612,"새로운 시작, 행복한 여정이 시작되길 기대합니다.",0
615,"새로운 시작, 화이팅! 대망의 해가 되기를 기대합니다.",0
437,"새로운 시작과 기회가 찾아오는 새해에, 끊임없는 성장과 발전을 이루어내길 바랍니다.",0
628,새로운 시작과 더불어 행복한 해가 되길 기원합니다.,0
475,새로운 시작과 함께 성공과 행운이 가득한 한 해가 되시길 바랍니다.,0
468,새로운 시작과 함께 좋은 일들만 가득한 한 해가 되시길 바랍니다.,0
335,새로운 시작과 함께 풍요롭고 행복한 한 해가 되시길 진심으로 기원합니다.,0
895,새로운 시작과 함께 행복한 해가 되길 기대해요.,0
159,새로운 시작을 맞이하는 2024년에는 무한한 가능성과 행운이 함께하길 기원합니다.,0
523,새로운 시작이 되기를 기대합니다.,0
56,"새로움과 도전의 한 해, 2024년에는 모든 꿈과 목표를 이루실 수 있기를 바랍니다.",0
621,새로움이 넘치는 한 해인 2024년에는 더 나은 세상을 만들어가는데 기여하시길 바랍니다.,0
489,"새롭게 시작하는 2024년, 건강과 행운이 가득한 해가 되시길 소망합니다.",0
178,새롭게 시작하는 2024년에는 모든 것이 순조롭게 풀리고 행복만 가득하기를 소망합니다.,0
537,새롭게 시작하는 2024년에는 모든 꿈이 이루어지고 행복이 넘치는 한 해가 되시길 기원합니다.,0
896,새해 복 많이 누리세요!,0
563,새해 복 많이 받고 이번년도는 조금만 고생하고 많이 행복하자ㅎㅎㅎ,0
619,"새해 복 많이 받고, 항상 행복한 일만 가득하길 바랄게.",0
359,새해 복 많이 받으세요!,0
514,새해 복 많이 받으세요.,0
124,"새해 복 많이 받으세요. 2024년엔 꿈과 희망이 가득하시길 바랍니다. 꿈은 우리에게 희망과 도전을 줍니다. 바라는 꿈을 이루는 과정은 우리를 성장하게 하고 더 나은 사람, 더 좋은 사람이 되도록 이끌어줍니다. ",0
id,새해 복 많이 받으세요. 올 한 해는 모든 일들이 잘 풀리시길 바랍니다.,0
395,새해 복 많이 받으세요. 올해도 건강하세요.,0
212,"새해 복 많이 받으시고, 하시는 일 모두 잘 되시길 기원합니다.",0
292,"새해 복 많이 받으시고, 항상 건강하세요.",0
248,"새해, 더 많은 성취, 행복한 해가 되길 기원합니다.",0
426,"새해, 모든 소망이 이루어지는 해가 되길 바랍니다.",0
588,"새해, 새로운 출발!",0
9,"새해, 웃음과 사랑이 가득한 해가 되길 기원합니다.",0
73,"새해, 원하는 모든 것이 이뤄지길 기원합니다.",0
273,"새해, 행복과 건강으로 가득찬 2024년이 되시길 바랍니다.",0
383,"새해, 행복과 건강이 넘치는 한 해 되길 기원합니다.",0
168,"새해, 행복과 풍요로운 순간들이 가득한 해가 되길 바라요.",0
918,"새해, 행복이 가득한 날 되세요!",0
35,새해가 밝았어. 올 한해도 건강하고 하는 일마다 좋은 결과 있길 바래!,0
165,새해가 복 많이 받으세요!,0
224,새해가 시작됐습니다. 행복한 기운으로 가득찬 2024년이 되시길 바라는 모든 소망이 이루어지는 해가 되기를 바랍니다.,0
611,새해가 시작되었습니다. 모든 것이 원할하게 펼쳐지길 기원합니다.,0
63,새해가 여러분에게 행복과 성공으로 가득찬 시간이 되기를 기원합니다.,0
110,새해가 찾아와 함께 당신의 모든 소망과 희망이 이루어지기를 기원합니다.,0
640,새해가 행복과 성공으로 가득찬 시간이 되기를 기대합니다.,0
234,새해가 행복과 성공으로 가득찬 시간이 되길 기원합니다.,0
413,새해가 행복과 성취에 함께 가득찬 시간이 되기를 기대합니다.,0
314,새해가 행복과 희망으로 가득찬 시간이 되기를 기대합니다.,0
930,새해가 행복과 희망으로 가득찬 시간이 되길 기대합니다.,0
577,새해는 더 많은 기쁨과 행복이 가득 차길 기원합니다.,0
496,새해는 더 많은 성취와 기쁨으로 가득찬 시간이 되기를 기대합니다.,0
610,새해는 더 많은 웃음과 기쁨으로 가득찬 시간이 되길 바라요.,0
503,새해는 더 많은 웃음과 기쁨이 함께하길 바랍니다.,0
491,새해는 모든 것이 뜻대로 이루어지기를 바라요.,0
634,새해는 모든 이의 바통을 이어받은 사람들이 이루어내는 성취가 가득한 날입니다.,0
408,새해를 기대하며 행복한 순간들이 한가득한 해가 되길.,0
521,새해를 맞아 더 많은 성취와 행운이 함께하는 해가 되길 기대합니다.,0
189,새해를 맞아 모든 것에게 행복한 순간이 찾아오길 기원합니다.,0
648,새해를 맞아 모든 것이 원하는 대로 이뤄지기를 바래요.,0
237,새해를 맞아 행복한 순간들이 가득한 해가 되시길.,0
227,새해를 맞아서 가족과 사랑하는 사람들과 함께하는 시간들이 행복하고 소중하게 이어지길 기원합니다.,0
258,새해를 앞두고 행복한 한 해 되세요!,0
454,새해를 행복한 기운으로 가득찬 해가 되길.,0
594,새해에 행복과 건강한 일들과 좋은 소식들이 가득한 날 되시길 바랍니다.,0
346,새해에는 가족 모두 건강하고 행복한 일만 가득하기를 기원합니다.,0
43,새해에는 가족 모두 건강하고 행복한 일만 가득하길 기원합니다.,0
446,"새해에는 가족 모두 건강하고, 계획하는 일 모두 이루기를 기원합니다.",0
10,새해에는 가족 모두 웃음 가득한 한 해가 되길 기원합니다.,0
515,새해에는 가족과 사랑하는 사람들과 함께 보내는 소중한 시간들이 가득하길 바랍니다.,0
264,새해에는 건강과 행복이 가득한 날들이 계속되기를 바랍니다.,0
384,새해에는 건강과 행복이 가득한 날들이 되기를 기대해요.,0
74,새해에는 건강과 행복이 늘 함께하는 모습으로 새로운 일들에 도전하길 바랍니다.,0
869,새해에는 건강과 행운으로 가득한 날들이 계속되길 바랍니다.,0
653,새해에는 건강과 행운으로 가득한 날들이 함께하길 기원합니다.,0
228,"새해에는 계획하는 일 모두 이루고, 늘 행복하고 건강하길 기원한다.",0
554,새해에는 당신과 소중한 사람들과 함께하는 특별한 순간들이 가득하길 바랍니다.,0
666,새해에는 더 나은 사람이 되는 데에 집중해봐요.,0
170,새해에는 더 나은 삶을 위한 노력과 변화가 이루어지길 바랍니다.,0
422,새해에는 더 나은 세상을 위해 희망과 사랑을 실천하는 시간이 되길 바랍니다.,0
585,새해에는 더 많은 성공과 행복이 가득하길 기대해요.,0
946,새해에는 더 많은 성공과 행복이 여러분을 기다리고 있을 거에요.,0
631,새해에는 더 많은 성공과 행운이 함께하기를 기원합니다.,0
95,새해에는 더 많은 성취와 행복이 함께 하길 기원합니다.,0
161,새해에는 더 많은 성취와 행운이 함께하길.,0
245,새해에는 더 많은 웃음과 기쁨이 함께 하길 기원합니다.,0
229,새해에는 더 많은 웃음과 기쁨이 함께하길.,0
620,새해에는 더 많은 좋은 일들이 여러분을 기다리고 있을 거에요.,0
333,새해에는 더 많은 행복이 찾아오길 기대합니다.,0
425,새해에는 더욱 발전하는 모습으로 만나뵙기를 기대합니다.,0
86,새해에는 더욱 행복하고 건강한 모습으로 보내길 바라요.,0
921,"새해에는 뜻하는 바 모두 이루길 바라며, 늘 건강하고 행복한 한 해가 되길 기원한다.",0
214,새해에는 멋진 모습으로 빛나는 새해를 맞이할 수 있는 기회가 찾아오길 기원합니다.,0
157,새해에는 모든 것이 원하는 대로 이뤄지기를 바라요.,0
912,새해에는 모든 것이 원하는 대로 펼쳐지길 기원합니다.,0
300,새해에는 모든 것이 훌륭하게 이루어지는 행복한 해가 되길 기원합니다.,0
535,새해에는 모든 계획이 성공적으로 이뤄지길 바라요.,0
100,"새해에는 모든 꿈과 목표를 위해 힘을 보태며, 끊임없는 도전을 이루어내길 바랍니다.",0
250,"새해에는 모든 꿈과 목표를 위해 힘을 보태며, 끝없는 도전을 이루어내길 바랍니다.",0
75,새해에는 모든 꿈과 목표를 이루어내는 멋진 해가 되길 기원합니다.,0
98,새해에는 모든 꿈과 희망이 이루어지는 해가 되길 바랍니다.,0
396,새해에는 모든 꿈이 이루어지는 행복한 해가 되기를 기원합니다.,0
598,새해에는 모든 꿈이 이뤄지는 즐거운 시간이 되기를 바랍니다.,0
493,새해에는 모든 사람들이 행복하고 건강한 삶을 살아가길 기원합니다.,0
79,새해에는 모든 사람들이 행복하고 건강한 삶을 추구하길 바랍니다.,0
279,새해에는 모든 소망이 이루어지길 기원해요.,0
461,새해에는 모든 소망이 이루어지는 즐거운 해가 되길 바랍니다.,0
630,새해에는 모든 소망이 이뤄지는 기쁨 가득한 해가 되길 바랍니다.,0
629,새해에는 모든 어려움을 극복하고 행복하고 풍요로운 일상을 만들어가시길 바랍니다.,0
480,새해에는 모든 어려움을 극복하고 희망찬 미래를 위해 노력하시길 바랍니다.,0
434,"새해에는 모든 어려움을 극복하고, 빠르게 성장하여 더 나은 세상을 만들어나가길 기원합니다.",0
147,"새해에는 모든 어려움을 극복하고, 새로운 도전에 임하는 모습을 보여주길 기원합니다.",0
897,"새해에는 모든 어려움을 이겨내고, 더욱 성장하는 모습을 보여주길 바랍니다.",0
569,"새해에는 모든 어려움을 이겨내고, 빠르게 성장하는 모습을 보여주길 바랍니다.",0
647,"새해에는 모든 어려움을 이겨내고, 새로운 도전에 임하는 모습을 보여주길 기원합니다.",0
257,새해에는 모든 일들이 순조롭게 진행되어 원하는 결과를 얻을 수 있는 해가 되기를 기원합니다.,0
222,새해에는 모든 일들이 순조롭게 진행되어 원하는 결과를 얻을 수 있는 해가 되길 바랍니다.,0
387,새해에는 모든 일들이 순조롭게 풀리고 행복이 가득하시길 바랍니다.,0
866,새해에는 모든 일이 순조롭게 이루어지고 행복이 가득하시기를 바랍니다.,0
460,새해에는 미소와 행복이 넘치는 순간들이 가득하길.,0
8,새해에는 변화와 성장이 함께하는 멋진 해가 되길 기원합니다.,0
485,새해에는 빛나는 미래를 향해 나아가는 모습을 보여주길 바랍니다.,0
94,새해에는 사랑과 관용으로 모든 사람과의 관계를 더욱 풍요롭게 만들어나가길 바랍니다.,0
83,"새해에는 새로운 가능성이 넓어지고, 더 나은 미래를 향해 나아가길 바랍니다.",0
179,새해에는 새로운 도약과 성취가 있는 한 해가 되시기를 바랍니다.,0
606,새해에는 새로운 도전과 기회가 찾아오는 해가 되길 기원합니다.,0
616,새해에는 새로운 도전과 성취가 있는 한 해가 되시길 소망합니다.,0
177,새해에는 새로운 도전과 성취가 있는 한 해가 되시길 진심으로 바랍니다.,0
190,새해에는 새로운 목표를 향해 끊임없는 열정으로 나아가는 모습을 보여주길 바랍니다.,0
173,새해에는 새로운 시작과 함께 행복한 일들이 찾아오기를 기대합니다.,0
104,새해에는 소망하는 모든일 이루시길 바랍니다,0
16,새해에는 소망하는 일 모두 이루시길 기원합니다.,0
33,새해에는 소망하시는 모든 일들을 이루시고 늘 건강하세요.,0
296,새해에는 소망하시는 모든 일들이 이루어지길 바라며 가정에 행복이 충만하길 기원합니다.,0
660,"새해에는 소망하시는 일 모두 이루시고, 건강과 행복이 가득하시길 기원합니다.",0
126,"새해에는 스스로에게 더 많은 사랑과 돌봄을 주고, 더 나은 사람이 되기를 바랍니다.",0
39,새해에는 어려움을 극복하고 더 나은 미래를 위해 노력하시길 바랍니다.,0
102,새해에는 여러분에게 더 많은 기쁨이 찾아갈 것입니다.,0
277,새해에는 여러분의 모든 소망이 이뤄지길 바랍니다.,0
97,"새해에는 우리 우정이 더욱 깊어지길 바라며, 항상 건강하고 행복하길 기원해.",0
581,새해에는 웃음과 사랑이 넘치는 해가 되길 바랍니다.,0
856,새해에는 웃음이 넘치고 행복한 일들만 가득하길 기원합니다.,0
112,새해에는 원하는 모든 것을 이룰 수 있기를 기대해요.,0
633,새해에는 원하는 모든 것이 이뤄지길 기원합니다.,0
534,새해에는 원하는 모든 것이 이뤄지길 기원해요.,0
517,새해에는 원하는 모든 것이 이뤄질 것입니다.,0
353,새해에는 이루고자 하는 모든 일이 이루어지길 기원합니다.,0
306,새해에는 이루고자 하는 모든 일이 이루어지길 기원해.,0
597,새해에는 자신의 잠재력을 최대한 발휘하여 성공과 성취를 이루어내는 해가 되길 기원합니다.,0
526,새해에는 좋은 사람들과 함께 보내는 소중한 시간들이 가득한 해가 되길 기원합니다.,0
270,새해에는 좋은 사람들과 함께 행복하고 따뜻한 시간을 보낼 수 있기를 바랍니다.,0
311,새해에는 좋은 인연이 찾아와 행복한 일들이 연이어 일어나기를 기대합니다.,0
65,"새해에는 좋은 일만 가득하고, 건강하길 기원해.",0
596,새해에는 좋은 일만 가득하길 바랍니다.,0
15,새해에는 좋은 일만 가득하시길 바라요.,0
386,새해에는 지식과 경험을 쌓으며 더욱 성장하는 모습을 보여주길 바랍니다.,0
463,새해에는 항상 긍정적이고 밝은 마음으로 모든 일을 진행하는 모습을 보여주길 바랍니다.,0
271,"새해에는 행복과 사랑이 넘치며, 모든 일이 원하시는 대로 풀리기를 기원합니다.",0
21,새해에는 행복을 나눌 수 있는 기회와 즐거움이 더욱 늘어날 것입니다.,0
18,새해에는 행복을 찾는 모든 여정들이 더욱 풍요로워질 수 있기를 기원합니다.,0
85,새해에는 행복을 찾아 나서는 모험을 함께 하길 바랍니다.,0
639,새해에는 행복이 가득한 모든 순간들이 당신을 찾아갈 것입니다.,0
343,새해에는 행복이 가득한 미래가 당신을 기다리고 있습니다.,0
562,새해에는 행복이 주는 힘으로 모든 어려움을 극복해 나갈 수 있기를 기원합니다.,0
61,새해에는 행복한 마음으로 모든 도전에 임하여 더 큰 성공을 이뤄나갈 수 있기를 바랍니다.,0
115,새해에는 행복한 마음으로 하고자 했던 모든 일들을 시작해보세요.,0
156,새해에는 행복한 삶을 즐기며 더 많은 자신감을 가질 수 있기를 기원합니다.,0
567,새해에는 행복한 순간들로 가득한 기억들을 만들어 가세요.,0
412,새해에는 행복한 순간들이 당신의 삶을 더욱 풍요롭게 만들어 갈 것입니다.,0
232,새해에는 행복한 일들이 당신을 만날 수 있길 바랍니다.,0
294,"새해에는 행운과 풍요가 함께하며, 모든 일이 원활하게 이루어지기를 바랍니다.",0
285,새해에는 행운과 행복이 늘 함께하는 해가 되길 기원합니다.,0
138,"새해에는 행운이 늘 따라다니며, 행복한 순간들이 가득하길 기원합니다.",0
416,새해에는 행운이 따르는 새로운 시작들이 찾아오길 기원합니다.,0
938,"새해에도 건강하시고, 행복한 일만 가득하시길 바랍니다.",0
472,새해에도 꽃길만 걷자! 항상 너의 곁에서 응원할께!,0
22,새해에도 서로의 좋은 파트너가 되어 서로를 응원합시다. 모두 새해 복 많이 받으세요!,0
348,새해에도 여러분과 함께 더 많은 순간을 나누고 싶어요.,0
555,새해에도 우리 팀의 성공을 위해 함께 힘내요! 새해 복 많이 받으세요!,0
499,"새해에도 함께 성장하며, 더 큰 결실을 맺을 수 있기를 기대합니다.",0
571,새해의 모든 소망을 모두 이루는 날들이 되세요.,0
12,새해의 소망을 웃음과 기쁨으로 가득찬 2024년이 되시길 바랍니다.,0
71,생축생축~,0
939,쉬지 않고 달려오신 당신의 원하는 모든 일들이 이뤄지기를 바라며 건강과 즐거움이 늘 함께하길 기원합니다. 내년에도 잘 부탁드리겠습니다.,0
525,슬픈 일도 기쁜 일도 많았을텐데 수고 많았어! 고맙고 사랑해!,0
385,아쉬운 한 해가 이렇게 가네요~ 남은 한 해 마무리 잘하고 내년에는 우리 더 행복합시다~,0
955,앞으로도 영원하자. 행복한 하루 보내~,0
651,"앞으로도 행복하자. 맛있는 음식 많이 먹고, 좋은 일 한 번 가득하길!",0
176,앞으로도 행복하자. 생축생축,0
547,어머니 아버지 감사합니다. 늘 자식 걱정으로 마음 졸이시는데 이제 제가 든든한 버팀목이 되겠습니다.,0
558,"어머님, 아버지 올 한 해 고생 많으셨습니다. 내년에는 더 건강하시고 행복한 한 해 보내시길 바랍니다.",0
360,"언제 이렇게 시간이 흐른 건지, 어느새 거리에 크리스마스 장식들이 보이더라고요! 일 때문에 많이 바쁘시겠지만, 마음만큼은 크리스마스처럼 따뜻하고 풍요롭게 보내시길 바라요. ",0
162,얼마 안된거 같은데 벌써 12월이래! 날씨가 많이 추운데 건강 잘 챙기구 따뜻한 연말 보내!,0
4,얼마남지 않은 올 한해 수고 많았어! 너와 함께여서 더욱 행복한 한 해 였어!,0
682,여러분과 함께하는 2023년 정말 특별했습니다. 감사합니다.,0
625,연말이 도래하여 감사의 인사를 드립니다.,0
1001,2024년 화이팅하자!,0
312,올 한 해 동안 모든 것이 원할하게 진행되길 기원합니다. 새해 복 많이 받으세요.,0
926,올 한 해 동안 여러분과 함께한 추억들이 기대됩니다. 새해 복 많이 받으세요.,0
280,올 한 해 동안 여러분과 함께할 수 있어서 기쁩니다. 새해 복 많이 받으세요.,0
373,올 한 해 동안 함께 화이팅해요. 새해 복 많이 받으세요.,0
546,새해 복 많이 받으세요. 하시는 일 모두 잘될꺼예요.,0
573,새해 복 많이 받으세요. 건강하고 행복하세요.,0
936,"올 한 해 동안의 모든 순간이 여러분에게 소중한 추억으로 남길 바라며, 따스한 연말을 보내시길 바랍니다. 내년에도 더욱 행복하세요",0
452,올 한 해 모든 일들이 희망찬 모습으로 이루어지길 기원합니다.,0
626,올 한 해 베풀어주신 마음에 감사의 말씀을 전합니다. 새해에 행복과 건강이 가득하기를 기원합니다!,0
34,"올 한 해 안 좋았던 일은 훌훌 털고, 2024년에는 희망적이고 행복한 일이 나타나기를 기원합니다.",0
155,올 한 해 자주 못만났네.. 내년에는 더 자주 만나자! 연말 마무리 잘하고 2024년도에 보자!,0
564,올 한 해가 여러분에게 기쁜 순간들이 되기를 기원합니다. 새해 복 많이 받으세요.,0
84,올 한 해가 여러분에게 행복과 성공으로 가득찬 시간이 되기를 기대합니다. 새해 복 많이 받으세요.,0
636,올 한 해가 여러분에게 행운과 기쁨으로 가득하기를 기원합니다. 새해 복 많이 받으세요.,0
211,올 한 해도 너랑 함께여서 더 의미 있고 행복한 한해였어! 내년에도 같이 즐겁게 보내자~! ,0
520,올 한 해도 따뜻한 격려와 관심을 주셔서 정말 감사합니다. 따뜻한 연말 보내세요~,0
327,올 한 해도 뜻하시는 대로 모두 이루어지길 기원합니다. 새해 복 많이 받으세요.,0
7,새해 복 많이 받으세요. 올 한해 좋은 일만 가득할꺼예요.,0
664,더 큰 열정으로 새해를 맞이해봐요. 새해 복 많이 받으세요.,0
593,행복한 연시 되시고 새해 복 많이 받으세요!,0
536,새해 복 많이 받으세요. 올 해 승리하는 한 해 되세요.,0
105,내년에도 항상 건강하고 좋은 일만 가득하셨으면 좋겠습니다! 새해 복 많이 받으세요.,0
332,올 한해 너와 함께 많은 것을 경험하고 배웠던거 같아. 다가오는 새해에도 함께하자.,0
945,올 한해 더 행복하세요!,0
592,올 한해 수고 많으셨습니다. 여러분의 노력에 항상 감사드립니다.,0
345,올 한해 자주 찾아뵙지 못하였지만 이렇게나마 감사의 마음을 보냅니다. 한 해 동안 베풀어주신 은혜와 배려 감사합니다. 연말 마무리 잘 하시고 행복 가득한 신년 맞이하시길 바랍니다.,0
140,새해 복 많이 받아,0
44,올해 동안 여러분의 열정과 사랑에 감사드립니다.,0
471,"올해 마지막까지도 여러분의 삶에 따뜻함이 가득하길 바라며, 새해에는 모든 좋은 일들이 이어지기를 소망합니다. 따뜻한 연말 보내세요.",0
298,올해 새로운 시작과 함께 건강과 행운이 가득한 한 해가 되시길 바랍니다.,0
278,올해 힘든 일이 있으셨다면 전부 다 털어버리고 다가오는 새해에는 원하는 일이 모두 이루어지시길 바래요!,0
495,올해는 감기 걸리지 말고 튼튼하게 보내길 바라.,0
31,"올해는 갑진년으로 청룡의 해라는데, 용이 내뿜는 힘과 기운으로 우리 2024년도 열심히 살아보자! ",0
420,올해는 더 나은 내일을 위한 출발이 되길 기원합니다.,0
504,올해는 더 나은 내일을 준비하는 해가 되길 바랍니다.,0
600,올해는 더 나은 내일을 향한 출발이 되기를 기대하며 행복과 건강이 가득한 해가 되길 바랍니다.,0
329,올해는 더 많은 성공과 즐거운 해가 되길 기대합니다.,0
326,올해는 더 많은 성취와 행운이 함께하길.,0
36,올해는 더 많은 성취와 행운이 함께하는 해가 되길 기대합니다.,0
204,올해는 더 많은 웃음과 기쁨이 함께하는 해가 되길 기대합니다.,0
465,올해는 두 배로 효도할게요. 그리고 이 말은 안 할 수가 없네요. 감사합니다.,0
255,"올해는 서로에게 좋고 행복한 일만 가득했으면 좋겠다. 더욱 빛날 내일을 위해, 힘내자! 나도 항상 널 응원할게!!!",0
421,올해는 작년보다 더 좋은 일만 생기길 바라요!,0
433,"올해는 정말 많은 일이 있었지만, 다행히 네가 있어서 든든했어. 연말 잘 보내고 새해에는 더 많은 추억을 만들자. 항상 고마워!",0
313,올해도 서로의 성장을 지지하며 멋진 한해를 만들어 봅시다. 새해 복 많이 받으세요!,0
41,올해도 수고 많았어! 연말에는 좋은 일들만 가득하길 바라. 내년에도 우리 함께 웃으며 보내자! 항상 응원해.,0
502,올해도 여러분 덕분에 행복한 한 해가 되었습니다.,0
219,올해도 잘 부탁한다. 늘 응원하고 있어!,0
316,올해도 좋은 추억 많이 만들자!,0
429,올해도 함께할 수 있어서 행복해. 앞으로도 쭉 함께하자.,0
533,올해도 행복하자.,0
402,올해엔 꼭 솔로탈출하자! 성공하면 밥 사는거 잊지 말고~ 새해 복 많이 받아!,0
17,"우리 우정 더 쌓는 한 해가 되길 바라며, 새해 복 많이 받아!",0
307,웃음 가득한 해가 되세요.,0
40,이번 연도 참 힘들고 아쉬운 일들도 많은 한 해였지만 너랑 함께라서 잘 이겨낼 수 있었던 것 같아! 내년에도 잘 부탁해!,0
635,"인생에서 진정한 친구 한 명만 곁에 있어도 성공했다는데, 난 네 덕분에 벌써 성공한 삶을 살고 있다! 친구야, 작년 한 해 동안 정말 고생 많았어! 너가 애쓴 만큼 2024년엔 분명 더 좋은 일만 가득할 거야! 힘든 일이든 좋은 일이든 난 항상 네 곁에 있다는 걸 잊지마~! 새해 복 많이 받고, 우리 행복해지자! 파이팅!",0
528,작년 한 해 고생 많으셨습니다. 항상 부족한 저를 잘 이끌어주시고 도움 주셔서 감사합니다. 늘 곁에서 많은 것을 배우며 저도 성장해 나가는 것을 느끼고 있습니다. 앞으로도 잘 부탁드리겠습니다. 새해 복 많이 받으시고 2024년 새해에는 항상 건강하세요.,0
355,작년 한해 많이 고마웠어. 올해는 내가 곁에서 힘이 되줄께! 고마워!,0
582,적게 일하고 많이 버는 한 해 되게 해주세요!,0
67,좋은 사람들과 함께한 지난 한 해 정말 행복했습니다. 내년에는 더 자주 뵐 수 있는 기회가 많았으면 좋겠습니다.,0
455,좋은 일만 가득한 한 해 되새기는 시작되길 기대합니다. 새해 복 많이 받으세요.,0
210,좋은 일만 가득한 한 해 보내세요. 새해 복 많이 받으세요.,0
572,좋은 일만 가득한 한 해가 되길 바랍니다. 새해 복 많이 받으세요.,0
506,좋은 일만 가득한 한 해가 되길.새해 복 많이 받으세요.,0
531,좋은 일만 가득한 한 해가 되길 바라요. 새해 복 많이 받으세요.,0
505,좋은 일만 가득한 한 해가 되길 바랍니다. 행복하시고 건강하세요. 새해 복 많이 받으세요.,0
142,좋은 일만 가득한 한 해가 되길 바래~새해 복 많이 받아~,0
269,좋은 일만 가득한 올 한해 될꺼야! 새해 복 많이 받아!,0
299,좋은 일이 가득한 한 해 보내세요!,0
101,"청룡의 해를 맞이하여, 가족과 사랑하는 이들과 함께 즐거운 시간을 보내시길 바랍니다.",0
411,청룡의 해에는 모든 이의 희망과 소망이 이루어지기를 기대합니다.,0
91,"추운 겨울을 이기고 싹을 틔우는 새싹처럼 당신에게 행운이 가득하길 바라며, 해피 뉴이어!",0
418,추운 날씨에 건강 챙기시고 마음은 늘 따뜻한 날들 되시기를 바랍니다. 언제나 삶에 행복만이 가득하길 바랍니다.,0
356,"친구야, 새해에도 네 꿈들이 모두 이루어지길 바래!",0
542,"친구야, 올 한 해도 정말 고생 많았어.  즐거운 연말 보내고, 내년에도 함께 웃을 날들이 많으면 좋겠다!",0
389,케이크 맛있게 먹구 행복한 하루 보내~,0
205,태어나줘서 고마워,0
198,태어나줘서 고마워. 항상 고맙고 사랑해,0
478,특별한 날이네. 즐거운 하루 보내! 케이크 맛있게 먹구~,0
447,"특별한 날이니까, 하고 싶으니까 한 번 해봐. 맛있는 음식 많이 먹고 즐거운 하루 보내~",0
118,"특별한 날이니까, 하고 싶은 거 다해!",0
32,"특별한 날이니까, 하고 싶은거 다해! 좋은 일들만 가득하길 바라.",0
427,"특별한 날이니까, 하고 싶은거 다해! 케이크 맛있게 먹구 즐거운 하루 보내~",0
518,평범한 하루하루 가운데 소소한 기쁨을 발견하는 2024년이 되길 기원합니다.,0
405,풍요로운 행복과 즐거움으로 가득한 2024년이 되시길 기대합니다.,0
627,"피어나는 봄처럼 새롭고 활력 있는 한 해, 2024년이 되시길 기대합니다.",0
148,하늘을 치솟는 용처럼 용의 해에 이루고자 하는 목표를 하늘 높이 뚫고 올라가는 해가 되시길 바랍니다.,0
508,한 해 동안 수고 많으셨습니다. 새해에도 건강하고 행복하세요!,0
113,"한 해의 마무리가 따뜻한 추억으로 가득 차길 바라며, 올 한 해 수고 많으셨습니다.",0
513,함께 기쁨을 나눌 수 있어서 행복해요. 올 한해 모두 같이 즐겁게 보내자구요^^,0
128,새해 복 많이 받고 많이 버세요!,0
424,항상 감사드립니다. 올 한 해도 건강하시고 복 많이 받으세요.,0
146,항상 건강하고 좋은 일만 가득한 한 해 되길 바래,0
641,"항상 고마워, 내 친구야! 더 멋진 일로 가득차길.",0
583,해피 뉴이어! 올해도 변함없이 너만을 바라볼게.,0
127,행복과 건강이 가득한 한해 되기를 기대합니다.,0
350,행복과 건강이 가득한 해가 되길 기대합니다.,0
141,행복과 건강이 가득한 해가 되길 바라요!,0
476,행복과 건강이 넘치는 한 해가 되길 기대합니다.,0
90,행복과 건강이 넘치는 한 해가 되길 기원합니다.,0
27,행복과 건강이 넘치는 한 해가 되길 바랍니다.,0
511,행복과 건강이 넘치는 해가 되길 기대합니다.,0
568,행복과 희망이 가득한 2024년에는 모든 일이 원하시는 대로 진행되기를 기원합니다.,0
117,행복과 희망이 넘치는 2024년에는 사랑과 즐거움이 가득한 순간들이 가득하시길 기원합니다.,0
483,행복을 느낄 수 있는 모든 순간들이 새해에는 당신과 함께할 것입니다.,0
193,행복을 찾아서 여행을 떠나는 새해가 되길 바랍니다.,0
407,행복이 넘치는 새해에는 당신의 웃음이 계속 이어지길 바랍니다.,0
868,행복하고 뜻있는 모든 분들께 감사드립니다.,0
484,행복하고 의미 있는 새해가 되시길 기대합니다.,0
362,행복하고 행복한 기운으로 가득찬 2024년이 되시길 바랍니다.,0
451,행복하시길 바라며 따뜻한 연말연시 보내세요!,0
259,행복한 2024년 되세요!,0
315,행복한 기운에 감싸여 행복이 가득한 한 해가 되길 기대합니다.,0
295,행복한 기운으로 가득찬 2024년이 되시길 바랍니다.,0
305,행복한 모든 순간들이 여러분의 새해를 빛내길 바랍니다.,0
605,행복한 모든 순간들이 여러분의 해를 빛내길 바랍니다.,0
576,행복한 모든 순간들이 여러분의새해를 빛내길 바랍니다.,0
595,행복한 모든 순간들이 정화의 발판으로 되길 기원합니다.,0
108,행복한 모든 순간들이 한순간에 펼쳐지길 기원합니다.,0
464,행복한 새해 되세요.,0
544,행복한 새해를 맞이하세요.,0
690,행복한 새해를 맞이하여 당신의 모든 소망이 이루어지길 바랍니다.,0
209,행복한 새해를 맞이하여 모든 꿈이 이루어지길 기원합니다.,0
539,행복한 새해에는 당신의 끈기와 열정이 더욱 빛나게 될 것입니다.,0
194,행복한 새해에는 당신의 모든 꿈과 희망이 이루어질 수 있기를 기원합니다.,0
81,행복한 새해에는 당신의 모든 꿈들이 이뤄질 수 있기를 바랍니다.,0
415,행복한 새해에는 당신의 모든 소망과 꿈이 이루어질 수 있기를 기원합니다.,0
638,행복한 새해에는 당신의 성공과 행운이 함께할 것입니다.,0
247,행복한 새해에는 당신의 소망이 빛나는 새로운 시작들로 가득 차게 될 것입니다.,0
683,행복한 새해에는 당신의 주변이 사랑과 행복으로 가득해지길 바랍니다.,0
914,행복한 새해에는 더 많은 기쁨과 행운이 당신을 둘러싸게 될 것입니다.,0
266,행복한 새해에는 더 많은 사랑과 이해로 가득하게 될 것입니다.,0
372,행복한 새해에는 더 많은 웃음과 기쁨이 당신을 둘러싸게 될 것입니다.,0
199,행복한 새해에는 더 많은 행운이 당신을 따르고 성취할 수 있는 기회들이 기다리고 있습니다.,0
500,행복한 순간! 많은 사랑 받길 바라.,0
494,행복한 순간들이 가득하길 기원합니다.,0
601,행복한 순간들이 가득한 새해가 되세요.,0
530,행복한 순간들이 가득한 해가 되세요.,0
479,행복한 순간들이 매일매일 가득하길 바랍니다.,0
171,행복한 순간들이 여러분의 수능을 채웠다.,0
947,행복한 순간들이 한가득한 해가 되길.,0
848,행복한 순간들이 한가득합니다.,0
368,행복한 순간이 새해에도 계속되길 바랍니다.,0
492,행복한 인생 더 멋진 모습으로!편안한 시간 보내~,0
200,행복한 인생! 이제 한 살 더 먹었으니까. 행복한 시간보내~ 맛있는 거 많이 먹고 즐거운 하루 보내∼,0
123,행복한 하루 보내!,0
365,"행복한 하루 보내! 맛있는 음식 많이 먹고, 즐거운 시간 나누자.",0
643,행복한 하루가 되길 바라!,0
19,행복한 한 해 보내!,0
309,행운 가득한 한해 보내세요.,0
883,행운과 기쁨이 가득한 새해를 맞이하세요.,0
25,행운과 기쁨이 가득한 해가 되길 바라요.,0
527,행운과 행복이 가득한 해가 되길 기대합니다.,0
93,행운과 행복이 가득한 해가 되길 기원합니다.,0
244,행운과 행복이 가득한 해가 되길 바라요.,0
169,행운과 행복이 가득한 해가 되길 바랍니다.,0
497,행운과 행복이 넘치는 해가 되길 기대합니다.,0
354,행운과 행운이 함께하는 해가 되길 바랍니다.,0
457,행운의 해가 되길 기원합니다.,0
357,화목하고 행복한 삶이 가득한 새해가 되길 기원합니다.,0
608,희망과 건강이 넘치는 한 해가 되길 기원합니다.,0
106,"희망과 사랑으로 빛나는 새해, 2024년에는 모든 꿈이 이뤄지길 기원합니다.",0
251,희망과 사랑이 가득한 해가 되길 기대합니다.,0
328,희망과 행복이 넘치는 2024년을 맞아 모든 꿈이 이뤄질 수 있기를 기원합니다.,0
466,희망의 기운으로 가득찬 2024년이 되시길 바랍니다.,0
109,희망의 새해가 밝게 시작되기를 기대합니다.,0
410,희망의 한 해가 되길 기대합니다.,0
349,희망찬 새해가 밝았습니다. 늘 건강하시고 소망하시는 모든 일 성취하시길 바랍니다.,0
26,희망찬 새해를 맞이하여 행운과 평안이 가득하기를 기원합니다.,0
263,힘들고 다사다난했던 2023년 어느덧 마무리되어 갑니다. 한해 동안 나쁜 일 안 좋았던 기억 모두 싹 잊어버리고 다가오는 2024 갑진년 힘차게 맞이하셨으면 좋겠습니다.,0
144,힘찬 기운이 되어 돌아올 수 있으면 좋겠다.,0
417,"힘찬 새해, 화이팅!",0
152,힘찬 한 해가 되길 바랍니다.,0
440,힘찬 한 해가 되시길 바랍니다.,0