id,sentence,label
1,"존경하는 선생님, 항상 감사드립니다. 스승의 날을 맞이하여 안부 연락드려요. 항상 건강하세요!",10
2,"사명을 다하시는 선생님, 항상 감사합니다. 스승의 날을 맞아 선생님께 마음을 전하고 감사의 뜻을 표현합니다.",10
3,"가르침으로 길을 밝히시는 선생님, 진심으로 감사드립니다. 스승의 날을 맞아 선생님에 대한 존경과 감사의 마음을 전합니다.",10
4,"지혜와 사랑으로 가르치시는 선생님, 항상 감사합니다. 스승의 날을 맞아 선생님을 존경하며 더욱 감사한 마음을 표현합니다.",10
5,"학생들을 이끄시는 선생님, 진심으로 감사합니다. 스승의 날을 맞이하여 선생님에게 감사하고 존경하는 마음을 전합니다.",10
6,"항상 노고 많으신 선생님, 진심으로 감사합니다. 스승의 날을 맞아 선생님의 가르침에 감사하고 존경의 마음을 전합니다.",10
7,"지혜롭게 가르치시는 선생님, 항상 감사합니다. 스승의 날을 맞이하여 선생님에게 감사하고 존경하는 마음을 전합니다.",10
8,"나의 길을 밝혀주시는 선생님, 진심으로 감사드립니다. 스승의 날을 맞아 더욱 감사하고 존경하는 마음을 가지게 되었습니다.",10
9,선생님의 사랑과 가르침에 감사드립니다. 스승의 날을 맞아 선생님을 존경하고 감사하는 마음을 전합니다.,10
10,"학문의 길로 인도해주시는 선생님, 항상 감사합니다. 스승의 날을 맞아 선생님께 오랜 감사와 존경을 표현합니다.",10
11,"지식의 나무를 심어주시는 선생님, 진심으로 감사합니다. 스승의 날을 맞아 선생님에게 감사하고 존경하는 마음을 전합니다.",10
12,"선생님의 가르침으로 성장하는 우리, 진심으로 감사합니다. 스승의 날을 맞아 선생님에게 마음을 전하며 감사의 뜻을 전합니다.",10
13,"길을 밝혀주시는 선생님, 항상 감사합니다. 스승의 날을 맞아 선생님에게 감사의 마음을 전하고 존경을 표현합니다.",10
14,"가르치는 힘으로 우리를 이끄시는 선생님, 진심으로 감사합니다. 스승의 날을 맞아 선생님을 존경하며 감사하는 마음을 전합니다.",10
15,선생님의 사랑과 지혜에 감사합니다. 스승의 날을 맞이하여 선생님을 존경하고 감사하는 마음을 전합니다.,10
16,"나의 마음을 밝혀주시는 선생님, 항상 감사합니다. 스승의 날을 맞아 선생님에게 오랜 감사와 존경을 표현합니다.",10
17,"가르침으로 성장하는 우리들, 선생님께 감사드립니다. 스승의 날을 맞아 선생님에게 마음을 전하고 감사하는 뜻을 표현합니다.",10
18,"항상 밝은 모습으로 가르치시는 선생님, 진심으로 감사합니다. 스승의 날을 맞아 선생님을 존경하고 감사하는 마음을 전합니다.",10
19,"지혜와 사랑으로 선생님께서 이끄시는 우리, 항상 감사합니다. 스승의 날을 맞아 선생님에게 감사하고 존경하는 마음을 전합니다.",10
20,"학문의 나뭇가지가 되어 주시는 선생님, 진심으로 감사합니다. 스승의 날을 맞아 선생님에게 감사하고 존경하는 마음을 전합니다.",10
21,"선생님의 가르침에 새로운 모습을 찾아가는 우리, 진심으로 감사합니다. 스승의 날을 맞아 선생님에게 감사와 존경을 표현합니다.",10
22,선생님의 따뜻한 사랑과 지혜에 감사합니다. 스승의 날을 맞이하여 선생님을 존경하고 감사하는 마음을 전합니다.,10
23,"선생님의 지혜와 사랑으로 길을 안내받는 우리, 항상 감사합니다. 스승의 날을 맞아 선생님에게 감사하고 존경하는 마음을 전합니다.",10
24,"우리를 이끄는 선생님, 항상 감사합니다. 스승의 날을 맞아 선생님에게 감사의 마음을 전하고 존경을 표현합니다.",10
25,"선생님의 따뜻한 사랑으로 세계를 보는 우리, 진심으로 감사합니다. 스승의 날을 맞아 선생님에게 마음을 전하고 감사하는 뜻을 표현합니다.",10
26,"가르침을 통해 나아가는 길을 보여주시는 선생님, 항상 감사합니다. 스승의 날을 맞아 선생님을 존경하며 감사하는 마음을 전합니다.",10
27,"우리를 이끄시는 선생님, 진심으로 감사합니다. 스승의 날을 맞아 선생님에게 감사와 존경을 표현합니다.",10
28,"선생님의 가르침으로 성장하는 우리, 항상 감사합니다. 스승의 날을 맞아 선생님에게 마음을 전하고 감사하는 뜻을 표현합니다.",10
29,"학문의 길을 밝혀주시는 선생님, 항상 감사합니다. 스승의 날을 맞아 선생님을 존경하고 감사하는 마음을 전합니다.",10
30,"선생님의 가르침으로 성장하는 우리, 진심으로 감사합니다. 스승의 날을 맞아 선생님에게 오랜 감사와 존경을 표현합니다.",10
31,"항상 밝은 모습으로 이끌어주는 선생님, 진심으로 감사합니다. 스승의 날을 맞아 선생님을 존경하며 감사하는 마음을 전합니다.",10
32,"선생님의 가르침에 새로운 길을 찾아가는 우리, 항상 감사합니다. 스승의 날을 맞아 선생님에게 감사하고 존경하는 마음을 전합니다.",10
33,"길을 밝혀주시는 선생님, 항상 감사합니다. 스승의 날을 맞아 선생님에게 감사의 마음을 전하고 존경을 표현합니다.",10
34,"선생님의 지혜와 사랑으로 우리를 이끄는 모습, 진심으로 감사합니다. 스승의 날을 맞아 선생님에게 감사하고 존경하는 마음을 전합니다.",10
35,"학문의 도정을 제시해주시는 선생님, 항상 감사합니다. 스승의 날을 맞아 선생님을 존경하고 감사하는 마음을 전합니다.",10
36,선생님의 따뜻한 사랑과 지혜에 감사합니다. 스승의 날을 맞이하여 선생님을 존경하고 감사하는 마음을 전합니다.,10
37,선생님께서 이끌어주시는 길에 감사합니다. 스승의 날을 맞아 선생님께 마음을 전하고 감사의 뜻을 전합니다.,10
38,"우리를 가르치는 멋진 선생님, 항상 감사합니다. 스승의 날을 맞아 선생님에 대한 감사와 존경을 표현합니다.",10
39,"선생님의 가르침으로 나아가는 우리, 진심으로 감사합니다. 스승의 날을 맞아 선생님에게 마음을 전하고 감사하는 뜻을 표현합니다.",10
40,"학문의 길을 밝혀주는 선생님, 항상 감사합니다. 스승의 날을 맞아 선생님을 존경하고 감사하는 마음을 전합니다.",10
41,선생님의 바른 가르침에 감사하는 마음을 전합니다. 스승의 날을 맞아 선생님에게 감사하고 존경하는 마음을 전합니다.,10
42,선생님의 사랑과 지혜에 감사합니다. 스승의 날을 맞이하여 선생님을 존경하고 감사하는 마음을 전합니다.,10
43,"학문을 향한 열정으로 이끄시는 선생님, 항상 감사합니다. 스승의 날을 맞아 선생님에게 감사하고 존경하는 마음을 전합니다.",10
44,"선생님의 따뜻한 사랑으로 가르치시는 우리, 진심으로 감사합니다. 스승의 날을 맞아 선생님에게 마음을 전하고 감사하는 뜻을 표현합니다.",10
45,"새로운 길을 열어주시는 선생님, 진심으로 감사합니다. 스승의 날을 맞아 선생님에게 감사하고 존경하는 마음을 전합니다.",10
46,"선생님의 가르침으로 성장하는 우리, 항상 감사합니다. 스승의 날을 맞아 선생님에게 오랜 감사와 존경을 표현합니다.",10
47,항상 밝은 모습으로 선생님께 감사합니다. 스승의 날을 맞아 선생님을 존경하며 감사하는 마음을 전합니다.,10
48,"선생님의 가르침에 새로운 미래를 그려가는 우리, 항상 감사합니다. 스승의 날을 맞아 선생님에게 마음을 전하고 감사하는 뜻을 표현합니다.",10
49,"길을 안내해주는 선생님, 항상 감사합니다. 스승의 날을 맞아 선생님에게 감사의 마음을 전하고 존경을 표현합니다.",10
50,"선생님의 지혜와 사랑으로 나아가는 길, 항상 감사합니다. 스승의 날을 맞아 선생님에게 감사하고 존경하는 마음을 전합니다.",10
51,"감사의 뜻을 배우게 해주신 스승님, 스승의 날을 진심으로 축하합니다.",10
52,스승님의 가르침에 감사하며 스승의 날을 축하합니다.,10
53,스승님의 따뜻한 사랑과 가르침에 감사하며 항상 기억하고 있습니다.,10
54,스승님의 무한한 인도와 지혜에 감사드리며 스승의 날을 축하합니다.,10
55,저에게 빛과 희망을 안 주신 스승님께 깊은 감사를 드립니다.,10
56,스승님의 끝없는 관심과 사랑에 감사하며 항상 감사의 마음을 가지겠습니다.,10
57,스승님께 배우고 배워서 자라왔기에 더할 나위 없는 감사를 표합니다.,10
58,스승님의 따뜻한 웃음과 가르침에 감사하며 스승의 날을 축하합니다.,10
59,스승님의 정성과 인도에 깊은 감사를 표하며 스승의 날을 축하합니다.,10
60,스승님의 지혜와 인도에 넋을 빼앗기는 감사한 스승의 날이 되길 기원합니다.,10
61,스승님의 지혜와 인도에 무한한 감사를 표합니다.,10
62,스승님의 가르침은 저에게 큰 보탬이 되었습니다. 감사합니다.,10
63,스승님께서 가르쳐 주신 모든 것에 진심으로 감사드립니다.,10
64,스승님의 인도와 도움에 영원토록 감사하겠습니다.,10
65,스승님의 가르침으로 저는 더 나은 사람이 되었습니다. 진심으로 감사합니다.,10
66,스승님의 멋진 가르침에 감사드립니다. 스승의 날을 축하합니다.,10
67,스승님의 온정과 인도에 감사하며 스승의 날을 진심으로 축하합니다.,10
68,스승님의 인내와 가르침에 저는 더 나은 사람이 되었습니다. 감사합니다.,10
69,스승님의 지혜와 사랑에 감사하며 스승의 날을 진심으로 축하합니다.,10
70,스승님의 무한한 인도와 따뜻한 사랑에 감사드립니다.,10
71,스승님의 지혜로운 가르침에 깊은 감사를 표합니다. 스승의 날을 축하합니다.,10
72,스승님의 섬세한 인도와 가르침에 진심으로 감사드립니다.,10
73,스승님의 지혜와 가르침으로 인하여 더욱 자랄 수 있었습니다. 감사합니다.,10
74,스승님의 따뜻한 사랑과 지혜에 감사드리며 스승의 날을 진심으로 축하합니다.,10
75,스승님의 인도와 가르침에 무한한 감사를 드립니다.,10
76,스승님의 지혜와 사랑으로 인하여 저는 더 나은 삶을 살 수 있었습니다. 감사합니다.,10
77,스승님의 온정과 인도에 감사하여 스승의 날을 축하합니다.,10
78,스승님의 가르침에 감사하며 항상 감사의 마음을 잊지 않겠습니다.,10
79,스승님의 인도와 지혜에 깊은 감사를 드리며 스승의 날을 축하합니다.,10
80,스승님의 따뜻한 사랑과 인도에 감사합니다. 스승의 날을 진심으로 축하합니다.,10
81,스승님의 가르침은 저의 인생을 바꿔놓았습니다. 깊이 감사드립니다.,10
82,스승님의 인도와 지혜에 감사드리며 스승의 날을 진심으로 축하합니다.,10
83,스승님의 끈적한 사랑과 지혜에 감사드립니다. 스승의 날을 진심으로 축하합니다.,10
84,스승님의 두루한 지도와 인도에 감사합니다. 스승의 날을 축하합니다.,10
85,스승님의 뜻을 배우고 스승님의 가르침에 따르며 감사합니다.,10
86,스승님의 인도와 가르침을 받아들이며 스승의 날을 축하합니다.,10
87,스승님의 가르침으로 인하여 저는 더 나은 인생을 살 수 있습니다. 감사합니다.,10
88,스승님의 인도와 지혜에 감사하여 스승의 날을 진심으로 축하합니다.,10
89,스승님의 선한 도움과 가르침에 감사를 드립니다. 스승의 날을 축하합니다.,10
90,스승님의 사랑과 지혜에 감사를 표합니다. 스승의 날을 진심으로 축하합니다.,10
91,스승님의 온정과 인도에 감사드리며 스승의 날을 축하합니다.,10
92,스승님의 가르침은 내 삶에 큰 영향을 끼쳤습니다. 감사합니다.,10
93,스승님의 인도와 가르침으로 더 나은 사람이 될 수 있었습니다. 감사합니다.,10
94,스승님의 지혜와 사랑에 감사를 드리며 스승의 날을 축하합니다.,10
95,스승님의 인도와 지혜에 깊이 감사를 드립니다. 스승의 날을 축하합니다.,10
96,스승님의 따뜻한 사랑과 지혜에 감사하며 스승의 날을 진심으로 축하합니다.,10
97,스승님의 가르침은 저에게 큰 보탬이 되었습니다. 무한히 감사합니다.,10
98,스승님의 인도와 지혜에 무한한 감사를 표합니다. 스승의 날을 진심으로 축하합니다.,10
99,스승님의 사랑과 인도에 감사하며 스승의 날을 진심으로 축하합니다.,10
100,스승님의 가르침과 지혜에 감사한다는 말로 스승의 날을 진심으로 축하합니다.,10
101,행복한 스승의 날 되세요. 항상 감사합니다.,10
102,"선생님, 항상 행복하시고 건강하세요. 감사합니다.",10
103,스승님의 가르침으로 행복한 세상을 만들어갑니다. 감사합니다.,10
104,행복이 가득한 스승의 날 되세요. 항상 고맙습니다.,10
105,"선생님, 행복하고 건강하게 계시길 바랍니다. 항상 감사합니다.",10
106,스승님의 가르침으로 행복한 인생을 살아갑니다. 감사합니다.,10
107,행복한 스승의 날이 되시길 바랍니다. 항상 감사합니다.,10
108,"선생님, 행복과 건강이 가득하시길 바랍니다. 감사합니다.",10
109,스승님의 가르침으로 행복한 하루를 보냅니다. 감사합니다.,10
110,행복이 넘치는 스승의 날을 맞이하세요. 항상 고맙습니다.,10
111,"선생님, 행복과 건강을 가득 받으시길 바랍니다. 항상 감사합니다.",10
112,스승님의 지혜로 행복한 삶을 살아갑니다. 감사합니다.,10
113,행복한 스승의 날을 축하드립니다. 항상 감사합니다.,10
114,"선생님, 행복과 건강이 함께하시길 바랍니다. 감사합니다.",10
115,스승님의 가르침으로 행복한 순간을 만들어갑니다. 감사합니다.,10
116,행복한 스승의 날을 맞이하시길 바랍니다. 항상 감사합니다.,10
117,"선생님, 행복하고 건강한 하루를 보내세요. 항상 감사합니다.",10
118,스승님의 지혜와 사랑으로 행복한 삶을 살아갑니다. 감사합니다.,10
119,행복한 스승의 날을 축복합니다. 항상 감사합니다.,10
120,"선생님, 행복과 건강이 함께하시길 빕니다. 감사합니다.",10
121,스승님의 가르침으로 행복한 순간을 만들어갑니다. 감사합니다.,10
122,행복과 행운이 함께하는 스승의 날을 맞이하시길 바랍니다. 항상 감사합니다.,10
123,"선생님, 행복한 순간을 만들어내는 스승이 되시길 바랍니다. 감사합니다.",10
124,스승님의 사랑으로 행복한 삶을 살아갑니다. 감사합니다.,10
125,"행복한 스승의 날을 맞이하시고, 늘 즐겁고 행복하십시오. 항상 감사합니다.",10
126,"선생님, 행복과 건강이 함께하는 하루가 되시길 바랍니다. 감사합니다.",10
127,스승님의 가르침으로 행복한 순간을 만들어갑니다. 감사합니다.,10
128,행복한 스승의 날을 축복합니다. 항상 감사합니다.,10
129,"선생님, 행복과 건강이 함께하는 하루가 되시길 바랍니다. 감사합니다.",10
130,스승님의 지혜와 사랑으로 행복한 삶을 살아갑니다. 감사합니다.,10
131,행복한 스승의 날을 축하합니다. 항상 감사합니다.,10
132,"선생님, 행복과 건강이 함께하는 하루를 보내세요. 감사합니다.",10
133,스승님의 가르침으로 행복한 순간을 만들어갑니다. 감사합니다.,10
134,행복한 스승의 날을 맞이하세요. 항상 감사합니다.,10
135,"선생님, 행복과 건강이 함께하는 하루가 되시길 바랍니다. 감사합니다.",10
136,스승님의 지혜와 사랑으로 행복한 삶을 살아갑니다. 감사합니다.,10
137,행복한 스승의 날을 축하합니다. 항상 감사합니다.,10
138,"선생님, 행복하고 건강한 하루가 되시길 바랍니다. 감사합니다.",10
139,스승님의 가르침으로 행복한 순간을 만들어갑니다. 감사합니다.,10
140,"행복한 스승의 날을 맞이하시고, 항상 행복한 순간을 만들어내는 선생님이 되세요. 항상 감사합니다.",10
141,"선생님, 행복과 건강이 함께하는 스승의 날을 맞이하시길 바랍니다. 감사합니다.",10
142,스승님의 지혜와 가르침으로 행복한 삶을 살아갑니다. 감사합니다.,10
143,행복한 스승의 날을 축복합니다. 항상 감사합니다.,10
144,"선생님, 행복과 건강이 함께하는 하루를 보내세요. 항상 감사합니다.",10
145,스승님의 가르침으로 행복한 순간을 만들어갑니다. 감사합니다.,10
146,행복한 스승의 날을 맞이하세요. 항상 감사합니다.,10
147,"선생님, 행복과 건강이 함께하는 하루가 되시길 바랍니다. 감사합니다.",10
148,스승님의 지혜와 사랑으로 행복한 삶을 살아갑니다. 감사합니다.,10
149,행복한 스승의 날을 축하합니다. 항상 감사합니다.,10
150,"선생님, 행복하고 건강한 하루를 보내시길 바랍니다. 항상 감사합니다.",10
151,"선생님, 멋진 어른이 될 수 있도록 이끌어주셔서 감사합니다. 지금까지처럼 열심히 하겠습니다.",10
152,"선생님, 모든 것을 가르쳐 주신 덕분에 저는 성장할 수 있었습니다. 감사합니다.",10
153,"선생님, 항상 노력하고 배려해 주셔서 감사합니다. 정말 감사합니다.",10
154,"선생님, 언제나 저를 믿어 주시고 격려해 주셔서 감사합니다. 감사합니다.",10
155,"선생님, 제게 꾸준한 도움을 주셔서 감사합니다. 정말 감사합니다.",10
156,"선생님, 학생들을 이끌어 주시는 모습이 대단하십니다. 제게 많은 영감을 주셨습니다. 감사합니다.",10
157,"선생님, 항상 따뜻한 가르침으로 저희를 이끌어 주셔서 감사합니다. 감사합니다.",10
158,"선생님, 지식뿐만 아니라 인격까지 이끌어 주시는 모습이 감동적입니다. 감사합니다.",10
159,"선생님, 항상 존중과 배려를 베풀어 주셔서 감사합니다. 지금까지 열심히 하겠습니다.",10
160,"선생님, 정말 좋은 스승에게 편입된 것 같아서 감사합니다. 감사합니다.",10
161,"선생님, 지금까지 제게 가르치신 것들을 최선을 다해 응용하고 싶습니다. 감사합니다.",10
162,"선생님, 항상 가르칠 줄 아시고 따뜻한 마음으로 이끌어 주셔서 감사합니다. 감사합니다.",10
163,"선생님, 학생들에게 든든한 영역이 되어 주셔서 감사합니다. 감사합니다.",10
164,"선생님, 어느 때보다도 더욱 존경스럽습니다. 감사합니다.",10
165,"선생님, 모든 것이 멈추기 일보 직전 감사의 마음을 전합니다. 감사합니다.",10
166,"선생님, 존경하는 스승님을 만나 더 좋은 사람이 되려고 합니다. 감사합니다.",10
167,"선생님, 지식뿐만 아니라 인격을 키워 주셔서 감사합니다. 감사합니다.",10
168,"선생님, 지금까지 많은 것을 배우며 성장할 수 있었습니다. 감사합니다.",10
169,"선생님, 함께 보내는 시간이 가르침을 넘어 돌보아 주신 것 같습니다. 감사합니다.",10
170,"선생님, 누구도 가르치지 못하는 지식의 보물을 전해 주셔서 감사합니다. 감사합니다.",10
171,"선생님, 각오한 덕분에 성장할 수 있었습니다. 감사합니다.",10
172,"선생님, 몰랐던 것들을 가르치며 저에게 성장의 기회를 주셔서 감사합니다. 감사합니다.",10
173,"선생님, 어르신의 지혜를 받아들이며 더 좋은 사람이 되겠습니다. 감사합니다.",10
174,"선생님, 정말 감사하고 더욱 발전하도록 노력하겠습니다. 감사합니다.",10
175,"선생님, 오늘도 어른으로서 인생의 길에 도움을 주셔서 감사합니다. 감사합니다.",10
176,"선생님, 저의 모든 것을 준비할 수 있도록 이끌어 주셔서 감사합니다. 감사합니다.",10
177,"선생님, 이제 막 시작한 저에게 항상 지도해 주셔서 감사합니다. 감사합니다.",10
178,"선생님, 제게 주신 가르침과 사랑에 감사 드립니다. 감사합니다.",10
179,"선생님, 학생으로서 노력하는 모습에 감사합니다. 감사합니다.",10
180,"선생님, 이제 막 시작한 것 같은데 벌써 큰 도움을 받고 있습니다. 감사합니다.",10
181,"선생님, 때로는 엄격하셔도 항상 저의 성장을 염두에 두신 모습에 감사합니다. 감사합니다.",10
182,"선생님, 지식뿐만 아니라 지혜를 전달해 주시어 감사합니다. 감사합니다.",10
183,"선생님, 지금까지 누구도 알려주지 않은 지혜를 전해 주셔서 감사합니다. 감사합니다.",10
184,"선생님, 학생으로서 저의 모든 것에 정성을 다해 주셔서 감사합니다. 감사합니다.",10
185,"선생님, 어린 학생들에게 밝고 긍정적인 모습을 보여 주셔서 감사합니다. 감사합니다.",10
186,"선생님, 항상 따뜻하게 대해 주셔서 감사합니다. 감사합니다.",10
187,"선생님, 어린 학생에게 따뜻함을 전해 주시는 모습이 존경스럽습니다. 감사합니다.",10
188,"선생님, 함께 보낸 시간에 감사합니다. 감사합니다.",10
189,"선생님, 모시는 스승님을 만나게 되어 기쁘고 감사합니다. 감사합니다.",10
190,"선생님, 존경하는 스승님과 함께할 수 있어 감사합니다. 감사합니다.",10
191,"선생님, 저의 부족함을 이해하며 따뜻하게 이끌어 주셔서 감사합니다. 감사합니다.",10
192,"선생님, 누구보다 힘이 되어 주셔서 감사합니다. 감사합니다.",10
193,"선생님, 저를 이끌어 주신 덕분에 성장할 수 있었습니다. 감사합니다.",10
194,"선생님, 함께 배우며 성장할 수 있는 시간에 감사합니다. 감사합니다.",10
195,"선생님, 존경하는 선생님을 만나 사람으로서 성장할 수 있어 감사합니다. 감사합니다.",10
196,"선생님, 이 겨울도 언제나 저를 이끌어 주셔서 감사합니다. 감사합니다.",10
197,"선생님, 어린이들에게 가르치는 모습에 감사합니다. 감사합니다.",10
198,"선생님, 항상 정성으로 가르쳐 주시는 모습이 감사합니다. 감사합니다.",10
199,"선생님, 끝까지 함께 해 주시어 감사합니다. 감사합니다.",10
200,"선생님, 항상 믿음 주시는 모습이 감사합니다. 감사합니다.",10
201,바른길로 인도해 주셔서 감사합니다. 항상 옳은 선택을 할 수 있도록 도와주셔서 감사합니다.,10
202,저를 지켜주시고 바른길로 인도해 주셔서 감사합니다. 항상 신명나는 길을 걷도록 이끌어 주셔서 감사합니다.,10
203,바르게 인도해 주시고 모범을 보여 주셔서 감사합니다. 당당하게 앞으로 나아갈 수 있도록 도와주셔서 감사합니다.,10
204,바른길로 인도해 주신 모습에 감사드립니다. 모든 것을 이끌어 주시고 사랑으로 가득 채워 주셔서 감사합니다.,10
205,항상 진심으로 바른길을 알려 주시고 인도해 주셔서 감사합니다. 큰 마음으로 포용하여 펼쳐 주신 스승님께 감사를 드립니다.,10
206,바른길로 인도해 주시고 전달해 주신 지혜로 힘을 주셔서 감사합니다. 늘 열려 있는 마음으로 받아들이도록 이끌어 주셔서 감사합니다.,10
207,항상 옳은 길을 선택하도록 이끌어 주시고 지혜롭게 가르쳐 주셔서 감사합니다. 올바르게 생각하고 옳은 행동을 할 수 있도록 도와주셔서 감사합니다.,10
208,바른길로 인도해 주시고 모범을 보여 주셔서 감사합니다. 신뢰와 사랑을 가득 심어 주신 스승님께 감사드립니다.,10
209,지친 나를 바른길로 인도해 주심에 감사를 드립니다. 언제나 성실하게 가르쳐 주시고 사랑으로 가득 메워 주셔서 감사합니다.,10
210,항상 옳은 길을 알려 주시고 믿음으로 이끌어 주셔서 감사합니다. 우리의 존재에 의미를 부여하고 뜻을 이루도록 도와주시는 모습에 감사를 드립니다.,10
211,바른길로 인도해 주시고 매 순간을 귀사하게 여기도록 이끌어 주심에 감사합니다. 언제나 따뜻한 사랑으로 내 곁을 지켜 주시는 스승님께 감사를 드립니다.,10
212,모범을 보여 주시고 바른 길로 인도해 주셔서 감사합니다. 항상 신념을 지키며 앞서 나아갈 수 있도록 지도하여 주시는 스승님에게 감사를 표합니다.,10
213,바른길로 인도해 주시는 스승님의 따뜻한 마음에 감사를 드립니다. 열린 마음으로 받아들이고 배우도록 이끌어 주시는 것에 감사를 표합니다.,10
214,저를 멋지게 인도해 주시고 옳은 길로 이끌어 주셔서 감사합니다. 마음이 시린 날에도 끝없는 인내심으로 옆에서 지켜 주시는 스승님께 감사를 표합니다.,10
215,항상 올바른 길을 가르쳐 주시고 따뜻한 사랑으로 덮어 주셔서 감사합니다. 모든 것을 받아들이며 성장할 수 있도록 도와주시는 스승님께 감사를 드립니다.,10
216,바른길로 인도해 주심에 감사를 보냅니다. 믿음으로 이루어 간 올바른 결정에 대한 성취감을 함께할 수 있도록 도와 주시는 스승님께 감사를 드립니다.,10
217,바른길로 안내하시고 저를 지켜 주셔서 감사합니다. 마음이 구멍 나가는 것 같았던 날에도 스승님의 지혜롭고 따스한 가르침으로 나를 돌아 세우며 인도해 주셔서 감사합니다.,10
218,바른길로 인도해 주시고 예의 바른 행동을 알려 주시는 스승님께 감사를 표합니다. 훌륭한 모습으로 믿음을 주고 인도해 주시는 것에 감사를 드립니다.,10
219,항상 정확한 길을 보여 주시고 바른 길로 인도해 주셔서 감사합니다. 저의 부족한 모습을 인정해 주시면서도 잘못된 길로 이끌어 주지 않는 현명한 스승님께 감사를 표합니다.,10
220,바른길로 인도해 주시는 스승님의 따뜻한 가르침에 감사를 드립니다. 뜻을 이뤄가는 데 이끌어 주신 노고에 감사를 표합니다.,10
221,바른길로 인도해 주신 스승님의 따뜻한 사랑에 감사를 드립니다. 항상 강림과 지혜를 전달해 주시는 모습에 감사를 표합니다.,10
222,항상 사랑으로 목숨을 인도해 주시고 바른길로 이끌어 주셔서 감사합니다. 앞서 나아갈 수 있도록 인도하는 법을 가르치심에 감사를 드립니다.,10
223,바른길로 인도해 주시고 모범을 보여 주시는 스승님에게 감사를 표합니다. 옳고 그름을 구분할 수 있도록 도와주시는 스승님께 감사를 드립니다.,10
224,바른길로 안내하신 스승님의 가르침에 감사를 드립니다. 미개한 마음을 옳게 이끌어 주시기 위해 열려 있는 대하여 배우도록 도와주시는 스승님께 감사를 드립니다.,10
225,항상 바르게 지도해 주시고 사랑으로 이끌어 주시는 스승님께 감사를 표합니다. 젊은 날에 교훈 따뜻한 가르침을 전해 주시고 인도해 주심에 감사를 드립니다.,10
226,저를 정신없이 인도해 주시고 바른길로 안내해 주셔서 감사합니다. 잘못된 길로 빠질 뻔했던 날에도 스승님의 현명하고 따뜻한 가르침으로 지켜 주셔서 감사합니다.,10
227,바른길로 인도해 주시고 결심됩니다. 따뜻한 사랑과 믿음으로 나를 인도하시는 스승님께 감사를 표합니다.,10
228,바른길로 안내해 주시고 매 순간을 가르쳐 주셔서 감사합니다. 뜻을 이루도록 성원을 바친 스승님에게 감사를 표합니다. ,10
229,항상 바른 길을 인도해 주시고 따뜻한 사랑으로 지켜 주신 데 감사를 드립니다. 감추지 않고 모든 것을 받아들이며 배울 수 있도록 이끌어 주시는 스승님께 감사를 드립니다.,10
230,바른길로 안내해 주시고 성취하게 해 주시는 스승님에게 감사를 표합니다. 신념을 지키며 예의바른 행동을 알려 주시는 스승님에게 감사를 드립니다.,10
231,바른길로 인도해 주시는 스승님의 따뜻한 사랑에 감사를 드립니다. 옳은 길을 지도해 주시고 훌륭한 모습으로 예를 보여 주시는 스승님에게 감사를 표합니다.,10
232,항상 정확한 길을 보여 주시고 바른 길로 인도해 주셔서 감사합니다. 지혜롭게 가르쳐 주시고 성실한 마음으로 지켜 주시는 현명한 스승님께 감사를 표합니다.,10
233,바른길로 인도해 주시는 스승님의 끝없는 사랑에 감사를 드립니다. 열린 마음으로 다가와서 모든 것을 다 듣고 배우도록 이끌어 주시는 스승님께 감사를 드립니다.,10
234,바른길로 안내하신 스승님의 사랑에 감사를 드립니다. 과연의 지혜로 가르침을 전해 주시고 눈물소나무처럼 큰 사랑을 보여 주셔서 감사합니다.,10
235,항상 사랑으로 인도해 주시고 바른 길로 이끌어 주신 스승님께 감사를 표합니다. 겸손함을 가르치고 옳은 길로 길러 주시는 현명한 스승님께 감사를 드립니다.,10
236,바른길로 인도해 주시고 영원한 지혜로 가르쳐 주시는 스승님께 감사를 표합니다. 항상 풀림을 머금고 인내심으로 돌봐 주시는 스승님께 감사를 드립니다.,10
237,저를 따뜻한 마음으로 인도해 주시고 바른길로 이끌어 주셔서 감사합니다. 숨 쉬는 기분으로 가르침을 전해 주시고 예법으로 인도해 주신 스승님께 감사를 드립니다.,10
238,바른길로 인도해 주시는 스승님의 사랑에 감사를 드립니다. 뜻을 읽고 다시 작사하는 대한 배우는 재주를 깊게 접하도록 다양한 가르침을 주신 스승님께 감사를 드립니다. ,10
239,바른길로 안내하신 스승님의 가르침에 감사를 드립니다. 지혜롭게 이어 가르쳐 주시니 아마의 영영을 놓치지 않으며 문제 깊게 다가가 배우도록 이끌어 주시는 스승님께 감사를 드립니다.,10
240,항상 바르게 가르침으로 바른 길로 이끌어 주시고 지혜롭게 가르침을 전해 준 데 감사를 드립니다. 모든 것을 전달하며 배울 수 있도록 이끌어 주시는 스승님께 감사를 드립니다.,10
241,바른길로 인도해 주시고 계속해 주시는 스승님에게 감사를 표합니다. 성실하게 가르쳐 주시고 나아가는 모습을 보여 주시는 스승님에게 감사를 드립니다.,10
242,바른길로 안내하시는 스승님의 가르침에 감사를 드립니다. 부끄럽게 하지 않고 인내심으로 가르쳐 주시며 감미주적으로 뜻을 이루도록 이끌어 주시는 스승님께 감사를 드립니다.,10
243,바른길로 인도해 주시고 결단장갗게 해 주시는 스승님에게 감사를 표합니다. 지혜와 가르침으로 깊게 생각하게 해 주시는 현명한 스승님에게 감사를 드립니다.,10
244,바른길로 안내하신 스승님의 따뜻한 가르침에 감사를 드립니다. 열린 마음으로 말씀을 전해 주신 친구에게 항상 경의를 표하며 올바른 가르침에 감사를 드리며 더 많이 배우도록 해 주시는 스승님께 감사를 드립니다.,10
245,항상 진심으로 가르치며 바른길로 이끌어 주시는 스승님에게 감사를 표합니다. 감추지 않고 모든 것을 다 듣게 해 주시며 용기 살며 내가 의견을 전하는 법을 가르쳐 주시는 스승님에게 감사를 드립니다.,10
246,바른길로 인도해 주시는 스승님의 따뜻한 사랑에 감사를 드립니다. 한낱사 제게 배우는 용기와 시금류 드리며 평생 배우며 멈추지 안습니다 출쳐 주며 인도해 주시는 스승님에게 감사를 드립니다. ,10
247,항상 바르게 가르침으로 바른 길로 이끌어 주시고 지혜롭게 가르침을 전해 준 데 감사를 드립니다. 스승의 힘으로 모든 것을 전달하며 배울 수 있도록 이끌어 주시는 스승님께 감사를 드립니다.,10
248,바른길로 안내하시는 스승님의 가르침에 감사를 드립니다. 부끄럽게 하지 않고 인내심으로 가르쳐 주시며 감미주적으로 뜻을 이루도록 이끌어 주시는 스승님께 감사를 드립니다.,10
249,바른길로 인도해 주시고 결단장갗게 해 주시는 스승님에게 감사를 표합니다. 지혜와 가르침으로 깊게 생각하게 해 주시는 현명한 스승님에게 감사를 드립니다.,10
250,선생님께서 보여주신 애정과 배려에 감사드립니다.,10
251,성실한 가르침과 애정으로 학생들을 이끌어 주셨던 선생님께 감사드립니다.,10
252,선생님의 애정은 저에게 큰 힘이 되었습니다.,10
253,선생님의 따뜻한 애정이 학생 모두를 편히하게 만들어 주셨습니다.,10
254,저희 선생님의 애정은 언제나 마음 속에 남을 것입니다.,10
255,"선생님의 애정에 감사하며, 스승의 날을 진심으로 축하합니다.",10
256,선생님의 애정은 언제나 제게 용기를 주었습니다.,10
257,선생님의 따뜻한 애정이 내 마음을 따뜻하게 만들었습니다.,10
258,애정 있는 가르침으로 저의 미래를 밝게 바라볼 수 있게 해 주셨습니다.,10
259,선생님의 애정이 담긴 가르침은 평생 잊지 못할 것입니다.,10
260,선생님의 애정은 제게 무한한 힘이 되어주었습니다.,10
261,선생님의 세심한 애정과 배려에 감사드립니다.,10
262,애정 있게 이끌어주셔서 감사합니다.,10
263,선생님께서 보여주신 애정으로 저희는 항상 행복했습니다.,10
264,선생님의 따뜻한 애정이 학생들 모두를 둘러싸고 있었습니다.,10
265,선생님의 애정은 제게 큰 자신감을 주었습니다.,10
266,선생님의 애정이 느껴지는 깊은 가르침에 감사드립니다.,10
267,"애정 있는 가르침으로 선생님의 은혜를 갚을 수 없지만, 평생 잊지 않을 것입니다.",10
268,선생님의 애정에 지금도 감동을 받고 있습니다.,10
269,선생님의 따뜻한 애정에 마음이 따뜻해졌습니다.,10
270,항상 애정으로 이끌어주셔서 감사합니다.,10
271,선생님의 애정은 저에게 큰 보람을 주었습니다.,10
272,선생님의 애정은 오랫동안 기억될 것입니다.,10
273,선생님의 따뜻한 애정이 학생들에게 큰 행복을 주었습니다.,10
274,선생님의 애정은 언제나 제 곁에 있습니다.,10
275,선생님의 가르침 속에 담긴 애정이 저의 성장을 이끌어주었습니다.,10
276,항상 애정으로 가르쳐 주신 선생님에게 감사의 말씀을 전합니다.,10
277,선생님의 애정은 항상 저를 감싸안고 있었습니다.,10
278,선생님의 애정은 학생 모두에게 큰 힘이 되었습니다.,10
279,선생님의 따뜻한 애정이 저의 마음을 따뜻하게 만들었습니다.,10
280,선생님의 애정이 담긴 가르침은 평생 잊지 못할 것입니다.,10
281,선생님의 성실한 애정으로 저의 미래를 밝게 바라볼 수 있게 해 주셨습니다.,10
282,선생님의 애정을 받아온 저에게 아직도 큰 감동이 남아 있습니다.,10
283,선생님의 애정은 계속해서 저를 이끌어주고 있습니다.,10
284,선생님의 애정이 여전히 제게 큰 힘이 되고 있습니다.,10
285,"선생님의 성실한 애정에 감사드리며, 스승의 날을 축하합니다.",10
286,선생님의 따뜻한 애정으로 내 마음을 따뜻하게 만들어 주셨습니다.,10
287,선생님의 애정이 담긴 가르침은 평생 잊지 못할 것입니다.,10
288,선생님의 섬세한 애정은 학생들에게 큰 영감을 주었습니다.,10
289,선생님의 애정은 언제나 제곁에 있었습니다.,10
290,선생님의 성실한 애정이 저의 발전에 큰 영향을 끼쳤습니다.,10
291,선생님의 애정을 받아온 저에게 큰 용기를 주었습니다.,10
292,선생님의 애정이 학생 모두에게 큰 행복을 주었습니다.,10
293,선생님의 따뜻한 애정은 항상 저를 감싸안고 있었습니다.,10
294,선생님의 애정은 오랫동안 기억될 것입니다.,10
295,선생님의 애정은 언제나 저를 지켜주셨습니다.,10
296,선생님의 따뜻한 애정이 내 마음을 따뜻하게 만들어 주셨습니다.,10
297,선생님의 애정이 담긴 가르침은 평생 잊지 못할 것입니다.,10
298,선생님의 성실한 애정은 저의 미래를 밝게 하는 빛이었습니다.,10
299,선생님의 애정은 저에게 큰 자신감을 주었습니다.,10
300,"스승님, 저에게 많은 것을 알게 해주시고 가르쳐 주셔서 감사합니다. 항상 감사드립니다.",10
301,"스승님, 항상 올바른 길로 인도해 주시고 고맙습니다. 건강하시고 행복하세요.",10
302,"스승님, 저의 모든 고민을 들어 주시고 지혜롭게 가르쳐 주셔서 감사합니다. 항상 고맙습니다.",10
303,"스승님, 저에게 지혜로운 조언을 해 주시고 도와 주셔서 감사합니다. 항상 감사드립니다.",10
304,"스승님, 올바른 길로 이끄시고 힘을 실어 주셔서 감사합니다. 항상 고맙습니다.",10
305,"스승님, 항상 저를 응원해 주시고 가르쳐 주셔서 감사합니다. 항상 감사드립니다.",10
306,"스승님, 끊임없는 가르침과 사랑으로 지켜 주시고 감싸 주셔서 감사합니다. 항상 고맙습니다.",10
307,"스승님, 제게 준 가르침과 따뜻한 사랑에 감사합니다. 항상 건강하시고 행복하세요.",10
308,"스승님, 가르침과 사랑으로 가득해 주신 것에 감사합니다. 항상 고맙습니다.",10
309,"스승님, 항상 저를 밝은 길로 인도해 주시고 감사합니다. 항상 감사드립니다.",10
310,"스승님, 저에게 가르침과 사랑을 베풀어 주셔서 감사합니다. 항상 고맙습니다.",10
311,"스승님, 항상 저를 믿어 주시고 가르쳐 주셔서 감사합니다. 항상 감사드립니다.",10
312,"스승님, 가르침과 사랑으로 가득한 마음에 감사합니다. 항상 고맙습니다.",10
313,"스승님, 저에게 지혜와 사랑을 선물해 주셔서 감사합니다. 항상 감사드립니다.",10
314,"스승님, 지혜롭게 인도해 주시고 정성껏 가르쳐 주셔서 감사합니다. 항상 고맙습니다.",10
315,"스승님, 항상 빛나는 길을 열어 주시고 감사합니다. 항상 감사드립니다.",10
316,"스승님, 지혜롭게 이끌어 주시고 사랑으로 가득 채워 주셔서 감사합니다. 항상 고맙습니다.",10
317,"스승님, 과분한 사랑과 현명한 가르침에 감사합니다. 항상 감사드립니다.",10
318,"스승님, 정성껏 가르쳐 주시고 지혜롭게 인도해 주셔서 감사합니다. 항상 고맙습니다.",10
319,"스승님, 항상 저를 믿어 주시고 올바른 길로 이끌어 주셔서 감사합니다. 항상 감사드립니다.",10
320,"스승님, 품위와 가르침으로 나의 미래를 밝게 비춰 주셔서 감사합니다. 항상 고맙습니다.",10
321,"스승님, 따뜻한 마음과 지혜를 가르쳐 주셔서 감사합니다. 항상 감사드립니다.",10
322,"스승님, 항상 저를 향한 관심과 사랑에 감사합니다. 항상 고맙습니다.",10
323,"스승님, 격공한 사랑으로 내 손을 꼭 잡아 주시고 감싸 주셔서 감사합니다. 항상 감사드립니다.",10
324,"스승님, 항상 가르침을 베풀어 주시고 열정으로 지도해 주셔서 감사합니다. 항상 고맙습니다.",10
325,"스승님, 깊은 지혜와 가르침으로 저의 인생을 아름답게 만들어 주셔서 감사합니다. 항상 감사드립니다.",10
326,"스승님, 항상 건강하시고 행복하세요. 정말 감사합니다.",10
327,"스승님, 나를 가르쳐 주시고 선물을 주셔서 감사합니다. 항상 감사드립니다.",10
328,"스승님, 가르침과 사랑으로 가득한 마음에 감사합니다. 항상 고맙습니다.",10
329,"스승님, 항상 올바른 길로 이끌어 주시고 지혜롭게 가르쳐 주셔서 감사합니다. 항상 감사드립니다.",10
330,"스승님, 저에게 많은 것을 가르쳐 주시고 올바른 길로 이끌어 주셔서 감사합니다. 항상 고맙습니다.",10
331,"스승님, 지혜롭게 가르쳐 주시고 정성껏 도와 주셔서 감사합니다. 항상 감사드립니다.",10
332,"스승님, 항상 저를 뒤에서 응원해 주시고 많은 것을 가르쳐 주셔서 감사합니다. 항상 감사드립니다.",10
333,"스승님, 고맙습니다. 항상 가르쳐 주시고 사랑으로 지켜 주셔서 감사합니다.",10
334,"스승님, 저를 이끌어 주시고 지혜롭게 가르쳐 주셔서 감사합니다. 항상 고맙습니다.",10
335,"스승님, 항상 저를 믿어 주시고 고마움을 가르쳐 주셔서 감사합니다. 항상 감사드립니다.",10
336,"스승님, 항상 감사합니다. 저를 인도해 주시고 가르쳐 주셔서 고맙습니다.",10
337,"스승님, 빛나는 가르침으로 제 인생에 밝은 빛을 비춰 주셔서 감사합니다. 항상 고맙습니다.",10
338,"스승님, 항상 저를 이끌어 주시고 정성껏 가르쳐 주셔서 감사합니다. 항상 감사드립니다.",10
339,"스승님, 정말 감사합니다. 깊은 사랑으로 가르침을 베풀어 주셔서 항상 고맙습니다.",10
340,"스승님, 항상 믿음으로 인도해 주시고 품위 있는 가르침에 감사합니다. 항상 감사드립니다.",10
341,"스승님, 인생의 지혜를 가르침으로 나에게 전달해 주시고 감싸 주셔서 감사합니다. 항상 고맙습니다.",10
342,"스승님, 항상 저를 믿어 주셔서 감사합니다. 가르침과 사랑으로 지지해 주셔서 고맙습니다.",10
343,"스승님, 나의 발을 올바른 길로 보내 주실 때마다 감사합니다. 항상 감사드립니다.",10
344,"스승님, 정말 감사합니다. 가르침으로 저의 인생을 채워 주셔서 항상 고맙습니다.",10
345,"스승님, 항상 스승님의 인생 가르침을 통해 저를 이끌어 주셔서 감사합니다. 항상 감사드립니다.",10
346,"스승님, 지혜롭게 가르쳐 주시고 힘을 실어 주셔서 감사합니다. 항상 고맙습니다.",10
347,"스승님, 빛나는 가르침으로 나에게 포근한 따뜻함을 전해 주셔서 감사합니다. 항상 감사드립니다.",10
348,"스승님, 지혜로운 가르침에 항상 감사드립니다. 매 순간, 항상 스승님이 필요합니다.",10
349,"스승님, 항상 저를 사랑으로 뒤에서 지켜 주시고 가르쳐 주셔서 감사합니다. 항상 감사드립니다.",10
350,"선생님, 저에게는 빠듯하고 가르치고 싶은 것이 많다. 오늘도 감사합니다.",10
351,"선생님, 항상 따뜻한 가르침으로 저를 이끌어 주셔서 감사합니다.",10
352,"선생님, 저의 미래를 밝게 비춰 주시는 선생님 덕분에 변화가 시작되었습니다.",10
353,"선생님, 가르침 속에는 항상 따뜻한 마음이 담겨 있어 감사합니다.",10
354,"선생님, 늘 고맙고 소중한 가르침으로 저를 이끌어 주셔서 감사합니다.",10
355,"선생님, 저의 성장과 발전을 위해 늘 노력해 주셔서 감사합니다.",10
356,"선생님, 항상 따뜻한 눈길로 제 발전을 지켜주시는 모습이 감사합니다.",10
357,"선생님, 감사의 마음을 담아 항상 건강하십시오.",10
358,"선생님, 당신의 가르침은 제 삶에 빛과 희망을 주고 있습니다. 감사합니다.",10
359,"선생님, 저의 꿈을 이룰 수 있도록 끝없이 도와주시는 선생님에게 감사의 인사를 전합니다.",10
360,"선생님, 항상 고맙고 사랑합니다. 당신의 가르침이 저에게는 소중한 자산입니다.",10
361,"선생님, 당신의 가르침은 나무처럼 뿌리 깊게 내려가 에너지와 힘을 주고 있습니다.",10
362,"선생님, 제 마음에 뿌리 깊게 파고들어 끝없이 자랄 수 있도록 도와 주신 것에 감사드립니다.",10
363,"선생님, 항상 저를 믿어주고 끝까지 응원해주셔서 감사합니다.",10
364,"선생님, 온몸으로 가르치시는 모습에 감사하며 항상 건강하시길 바랍니다.",10
365,"선생님, 끝없이 나를 믿어주시고 가르쳐 주심에 감사드립니다.",10
366,"선생님, 항상 저를 먼저 생각해 주시는 따뜻한 마음이 감사합니다.",10
367,"선생님, 늘 저를 위해 필요한 지식과 지혜를 전달해 주셔서 감사합니다.",10
368,"선생님, 항상 옳은 길로 이끌어 주시고 가르쳐 주셔서 감사합니다.",10
369,"선생님, 제 곁에 두고 끝까지 가르치고 도와 주시는 모습에 감사합니다.",10
370,"선생님, 당신의 따뜻한 가르침이 항상 저에게 큰 힘이 됩니다. 감사합니다.",10
371,"선생님, 제 옆에서 늘 응원하고 가르쳐 주시는 것에 감사드립니다.",10
372,"선생님, 당신의 가르침은 제 삶에 큰 빛과 희망을 안겨주고 있습니다. 감사합니다.",10
373,"선생님, 늘 저를 믿어 주시고 가르쳐 주시는 모습에 감사하며 항상 건강하시길 바랍니다.",10
374,"선생님, 저의 성장과 발전을 위해 노력해 주신 것에 감사드립니다. 항상 감사합니다.",10
375,"선생님, 항상 따뜻한 가르침으로 저를 이끌어 주시는 모습이 감사합니다.",10
376,"선생님, 당신은 나의 삶에서 가장 소중한 스승입니다. 항상 감사합니다.",10
377,"선생님, 항상 저를 위해 최선을 다해 가르치고 도와 주시는 모습에 감사드립니다.",10
378,"선생님, 너무나 소중한 가르침을 전해주시고 늘 응원해 주셔서 감사합니다.",10
379,"선생님, 당신의 따뜻한 마음과 가르침이 저에게 큰 힘이 됩니다. 감사합니다.",10
380,"선생님, 항상 저를 믿어주시고 가르치는 모습에 감사합니다. 항상 건강하세요.",10
381,"선생님, 저에게 많은 것을 알려 주시고 도와주어 감사합니다. 항상 건강하세요.",10
382,"선생님, 늘 저를 위해 가르치고 도와주시는 모습에 감사합니다. 항상 감사합니다.",10
383,"선생님, 저를 위해 가르치고 끝까지 도와주시는 모습에 감사합니다. 항상 건강하세요.",10
384,"선생님, 항상 저를 밀어주시고 가르치는 모습에 감사합니다. 항상 건강하세요.",10
385,"선생님, 제게 많은 것을 가르쳐 주시고 도와주셔서 감사합니다. 항상 건강하세요.",10
386,"선생님, 당신의 도움으로 많은 것을 배울 수 있었습니다. 감사합니다. 항상 건강하세요.",10
387,"선생님, 저에게 많은 것을 가르쳐 주시고 도와주어 감사합니다. 항상 건강하시고 행복하세요.",10
388,"선생님, 항상 저에게 따뜻한 가르침과 조언을 해 주시는 모습에 감사합니다. 건강하세요.",10
389,"선생님, 저를 위해 많은 것을 가르쳐 주시고 끝까지 도와주는 모습에 감사합니다. 항상 건강하세요.",10
390,"선생님, 항상 저를 지켜주시고 가르쳐 주시는 모습에 감사합니다. 항상 건강하세요.",10
391,"선생님, 저에게 많은 것을 알려 주시고 도와주어 감사합니다. 항상 건강하시고 행복하세요.",10
392,"선생님, 항상 저를 가르치고 도와주시는 모습에 감사합니다. 항상 건강하세요.",10
393,"선생님, 당신의 끝없는 가르침으로 저는 성장해 나가고 있습니다. 감사합니다. 항상 건강하세요.",10
394,"선생님, 항상 저에게 많은 것을 가르치고 도와주는 모습에 감사합니다. 항상 건강하세요.",10
395,"선생님, 저에게 많은 것을 알려 주시고 끝까지 도와주시는 모습에 감사합니다. 항상 건강하세요.",10
396,"선생님, 항상 저를 이끌어 가며 가르치고 도와주시는 모습에 감사합니다. 항상 건강하세요.",10
397,"선생님, 당신의 따뜻한 사랑과 가르침이 저에게 큰 힘이 됩니다. 감사합니다. 항상 건강하세요.",10
398,"선생님, 항상 저를 믿어주시고 가르치는 모습에 감사합니다. 항상 건강하세요.",10
399,"선생님, 당신의 가르침은 나에게 큰 도움이 되고 있습니다. 감사합니다. 항상 건강하세요.",10
400,"5월, 스승의 날을 맞아 감사와 존경을 담아 인사드립니다.",10
401,5월에 스승의 날을 맞아 건강과 행복이 가득하시길 바랍니다.,10
402,"스승의 달 5월, 항상 고맙고 존경하며 기억하고 있습니다.",10
403,5월에 스승의 날을 맞이하여 늘 감사와 경의를 표합니다.,10
404,"스승의 날을 맞이하는 5월, 항상 건강하시고 행복하세요.",10
405,"5월은 스승의 달, 항상 감사하고 존경하며 기억합니다.",10
406,"스승의 날을 맞아 5월, 늘 건강하고 행복하시길 바랍니다.",10
407,5월에 스승의 날을 맞아 존경과 감사의 마음을 전합니다.,10
408,"스승의 날을 맞아 5월, 항상 건강하고 행복하시길 바랍니다.",10
409,5월은 스승의 날을 맞아 존경과 사랑을 전합니다.,10
410,"스승의 달 5월, 항상 감사하고 존경하며 빛나는 마음으로 생각합니다.",10
411,5월에 스승의 날을 맞아 늘 감사와 존경을 표합니다.,10
412,"스승의 날을 맞이하는 5월, 늘 건강하시고 행복하세요.",10
413,"5월은 스승의 달, 항상 감사하고 존경한 마음을 전합니다.",10
414,"스승의 날을 맞이하는 5월, 늘 건강하고 행복하시길 바랍니다.",10
415,5월에 스승의 날을 맞이하여 존경과 감사를 드립니다.,10
416,"스승의 날을 맞아 5월, 항상 건강하고 행복하세요.",10
417,"5월은 스승의 달, 항상 감사하고 존경하며 빛나는 마음으로 생각합니다.",10
418,5월에 스승의 날을 맞아 늘 감사와 존경을 표합니다.,10
419,"스승의 날을 맞이하는 5월, 늘 건강하시고 행복하세요.",10
420,"5월은 스승의 달, 항상 감사하고 존경한 마음을 전합니다.",10
421,"스승의 날을 맞이하는 5월, 늘 건강하고 행복하시길 바랍니다.",10
422,5월에 스승의 날을 맞이하여 존경과 감사를 드립니다.,10
423,"스승의 날을 맞아 5월, 항상 건강하고 행복하세요.",10
424,"5월은 스승의 달, 항상 감사하고 존경하며 빛나는 마음으로 생각합니다.",10
425,"스승의 날을 맞이하는 5월, 늘 건강하시고 행복하세요.",10
426,5월에 스승의 날을 맞아 늘 감사와 존경을 표합니다.,10
427,"스승의 날을 맞이하는 5월, 늘 건강하시고 행복하세요.",10
428,"5월은 스승의 달, 항상 감사하고 존경한 마음을 전합니다.",10
429,5월에 스승의 날을 맞이하여 존경과 감사를 드립니다.,10
430,"스승의 날을 맞아 5월, 항상 건강하고 행복하세요.",10
431,"5월은 스승의 달, 항상 감사하고 존경하며 빛나는 마음으로 생각합니다.",10
432,5월에 스승의 날을 맞이하여 늘 감사와 존경을 표합니다.,10
433,"스승의 날을 맞이하는 5월, 늘 건강하시고 행복하세요.",10
434,"5월은 스승의 달, 항상 감사하고 존경한 마음을 전합니다.",10
435,"스승의 날을 맞이하는 5월, 늘 건강하시고 행복하세요.",10
436,5월에 스승의 날을 맞아 존경과 감사를 드립니다.,10
437,"스승의 날을 맞아 5월, 항상 건강하고 행복하세요.",10
438,"5월은 스승의 달, 항상 감사하고 존경하며 빛나는 마음으로 생각합니다.",10
439,5월에 스승의 날을 맞이하여 늘 감사와 존경을 표합니다.,10
440,"스승의 날을 맞이하는 5월, 늘 건강하시고 행복하세요.",10
441,"5월은 스승의 달, 항상 감사하고 존경한 마음을 전합니다.",10
442,"스승의 날을 맞이하는 5월, 늘 건강하시고 행복하세요.",10
443,5월에 스승의 날을 맞아 존경과 감사를 드립니다.,10
444,"스승의 날을 맞아 5월, 항상 건강하고 행복하세요.",10
445,"5월은 스승의 달, 항상 감사하고 존경하며 빛나는 마음으로 생각합니다.",10
446,5월에 스승의 날을 맞이하여 늘 감사와 존경을 표합니다.,10
447,"스승의 날을 맞이하는 5월, 늘 건강하시고 행복하세요.",10
448,"5월은 스승의 달, 항상 감사하고 존경한 마음을 전합니다.",10
449,"스승의 날을 맞이하는 5월, 늘 건강하시고 행복하세요.",10
450,스승의 날을 맞이해 귀한 교수님께 감사의 마음을 전합니다. 지혜와 가르침으로 저를 이끌어주셔서 감사합니다.,10
451,존경하는 교수님께 스승의 날을 맞아 감사의 인사를 드립니다. 항상 진정한 멘토로써 감사합니다.,10
452,스승의 날을 맞아 존경하는 교수님께 감사 인사를 전합니다. 항상 올바른 길로 이끌어주셔서 감사합니다.,10
453,귀한 교수님께 스승의 날을 맞아 감사의 인사말을 전합니다. 지식과 지혜를 전해주셔서 감사합니다.,10
454,스승의 날을 맞아 존경하는 교수님에게 감사 인사를 드립니다. 선생님의 가르침으로 빛이 나게 해주셔서 감사합니다.,10
455,교수님께 스승의 날을 맞아 감사의 말씀을 전합니다. 지혜로운 가르침에 무한한 존경과 감사를 표합니다.,10
456,스승의 날을 맞아 귀한 교수님께 감사 인사를 전합니다. 지식과 지혜로 저를 이끌어 주신 것에 감사합니다.,10
457,존경하는 교수님께 스승의 날을 맞아 감사 인사를 전합니다. 끊임없는 가르침으로 저를 발전시켜 주셔서 감사합니다.,10
458,교수님께 스승의 날을 맞아 감사의 인사말을 전합니다. 진정한 멘토로써의 가르침에 감사하며 존경합니다.,10
459,스승의 날을 맞아 존경하는 교수님에게 감사 인사를 전합니다. 지혜롭고 숭고한 가르침에 감사를 표합니다.,10
460,귀한 교수님께 스승의 날을 맞아 감사의 인사를 전합니다. 지식과 인도에 감사드립니다.,10
461,스승의 날을 맞아 존경하는 교수님에게 감사 인사를 드립니다. 항상 가르치고 인도해 주셔서 감사합니다.,10
462,교수님께 스승의 날을 맞아 감사의 말을 전합니다. 지혜롭고 가르치신 가르침에 감사를 드립니다.,10
463,스승의 날을 맞아 귀한 교수님께 감사 인사를 전합니다. 지식과 지혜로 이끌어주신 것에 감사를 표합니다.,10
464,존경하는 교수님께 스승의 날을 맞아 감사 인사를 전합니다. 차분하고 지혜로운 가르침에 감사합니다.,10
465,교수님께 스승의 날을 맞아 감사의 인사말을 전합니다. 지혜롭게 이끄시면서 고마움을 느낍니다.,10
466,스승의 날을 맞아 존경하는 교수님에게 감사 인사를 전합니다. 선생님의 가르침에 감사를 드립니다.,10
467,귀한 교수님께 스승의 날을 맞아 감사의 인사말을 전합니다. 항상 곁에서 가르쳐 주시는 고마움을 전합니다.,10
468,스승의 날을 맞아 존경하는 교수님께 감사 인사를 드립니다. 지혜롭게 가르쳐 주신 것에 감사합니다.,10
469,교수님께 스승의 날을 맞아 감사의 인사를 전합니다. 사랑과 이해로 가르쳐 주시는 고마움을 표합니다.,10
470,스승의 날을 맞아 귀한 교수님께 감사 인사를 전합니다. 항상 올바르게 이끄시는 가르침에 감사합니다.,10
471,존경하는 교수님께 스승의 날을 맞아 감사 인사를 전합니다. 진정한 지도자로써 감사를 표합니다.,10
472,교수님께 스승의 날을 맞아 감사의 말을 전합니다. 앞날을 밝게 이끌어 주시는 고마움을 느낍니다.,10
473,스승의 날을 맞아 존경하는 교수님에게 감사 인사를 전합니다. 지혜롭고 고귀한 가르침에 감사를 드립니다.,10
474,귀한 교수님께 스승의 날을 맞아 감사의 인사말을 전합니다. 지식과 인도에 무한한 고마움을 전합니다.,10
475,스승의 날을 맞아 존경하는 교수님에게 감사 인사를 드립니다. 정직하고 인도하여 주신 것에 감사합니다.,10
476,교수님께 스승의 날을 맞아 감사의 인사를 전합니다. 깊은 사랑으로 이끌어 주신 고마움을 표합니다.,10
477,스승의 날을 맞아 귀한 교수님께 감사 인사를 전합니다. 지혜롭게 이끌어 주시는 가르침에 감사를 표합니다.,10
478,존경하는 교수님께 스승의 날을 맞아 감사 인사를 전합니다. 참된 멘토로써의 고마움을 느낍니다.,10
479,교수님께 스승의 날을 맞아 감사의 말을 전합니다. 지혜롭게 가르침으로 인도하여 주신 것에 감사를 드립니다.,10
480,스승의 날을 맞아 존경하는 교수님에게 감사 인사를 전합니다. 선생님의 가르침에 감사를 드리며 존경합니다.,10
481,귀한 교수님께 스승의 날을 맞아 감사의 인사말을 전합니다. 항상 올바른 길로 인도하여 주시는 고마움을 표합니다.,10
482,스승의 날을 맞아 존경하는 교수님에게 감사 인사를 드립니다. 지혜롭게 가르쳐 주시는 것에 고마워 합니다.,10
483,교수님께 스승의 날을 맞아 감사의 인사를 전합니다. 지혜와 이해를 전하시는 고마움을 표합니다.,10
484,스승의 날을 맞아 귀한 교수님께 감사 인사를 전합니다. 성실하고 공정한 가르침에 감사를 표합니다.,10
485,존경하는 교수님께 스승의 날을 맞아 감사 인사를 전합니다. 헌신적인 가르침으로 감사를 표합니다.,10
486,교수님께 스승의 날을 맞아 감사의 말을 전합니다. 노고를 아끼지 않고 가르쳐 주시는 고마움을 느낍니다.,10
487,스승의 날을 맞아 존경하는 교수님에게 감사 인사를 전합니다. 지혜롭게 이끄시는 가르침에 감사를 드립니다.,10
488,귀한 교수님께 스승의 날을 맞아 감사의 인사말을 전합니다. 지식과 헌신에 감사를 드립니다.,10
489,스승의 날을 맞아 존경하는 교수님에게 감사 인사를 전합니다. 선생님의 가르침으로 저를 이끌어 주셔서 감사합니다.,10
490,교수님께 스승의 날을 맞아 감사의 인사를 전합니다. 정성과 사랑을 담아 가르쳐 주신 고마움을 표합니다.,10
491,스승의 날을 맞아 귀한 교수님께 감사 인사를 전합니다. 참된 선생님의 지도에 감사를 표합니다.,10
492,존경하는 교수님께 스승의 날을 맞아 감사 인사를 전합니다. 지혜롭게 이끄시는 가르침에 감사를 표합니다.,10
493,교수님께 스승의 날을 맞아 감사의 말을 전합니다. 지식과 지혜를 전하시는 고마움을 느끼며 감사를 표합니다.,10
494,스승의 날을 맞아 존경하는 교수님에게 감사 인사를 드립니다. 정직하고 성실한 가르침에 감사를 드립니다.,10
495,귀한 교수님께 스승의 날을 맞아 감사의 인사말을 전합니다. 지혜롭게 가르쳐 주신 것에 감사를 표합니다.,10
496,스승의 날을 맞아 존경하는 교수님에게 감사 인사를 전합니다. 지혜롭게 가르침으로 인도하여 주신 것에 감사를 드립니다.,10
497,교수님께 스승의 날을 맞아 감사의 인사를 전합니다. 진실하게 사랑과 이해로 가르쳐 주신 것에 감사를 드립니다.,10
498,스승의 날을 맞아 귀한 교수님께 감사 인사를 전합니다. 성실하고 공정한 가르침에 감사를 표합니다.,10
499,존경하는 교수님께 스승의 날을 맞아 감사 인사를 전합니다. 지혜롭게 이끄시는 가르침에 감사를 표합니다.,10
500,"스승님, 잘 지내시죠? 저를 이끌어 주시고 가르쳐 주셔서 감사합니다.",10
501,"스승님, 오랜 시간 동안 감독하시던 제 모습을 보시며 안심하셨을까요?",10
502,잘 지내시죠? 학생을 바른 길로 인도해 주신 스승님에게 감사의 말씀을 전합니다.,10
503,"스승님, 나아갈 수 있는 힘을 주셔서 고맙습니다. 항상 건강하시길 바랍니다.",10
504,"스승님, 제 길을 밝게 비춰 주신 덕분에 방황하지 않고 나아갈 수 있었습니다.",10
505,잘 지내시죠? 스승의 가르침으로 나 자신을 발견하고 성장할 수 있었습니다.,10
506,"스승님, 올바른 길을 보여주시고 가르쳐 주셔서 감사드립니다.",10
507,"스승님, 건강하시죠? 언제나 저에게 힘을 주신 스승께 감사드립니다.",10
508,잘 계시죠? 바로 세워 주시고 인도해 주신 스승께 진심으로 고맙습니다.,10
509,"스승님, 건강하세요. 항상 빛나는 길을 안내해 주셔서 감사합니다.",10
510,"스승님, 올바른 길로 인도해 주셔서 감사합니다. 항상 행복하세요.",10
511,잘 계시죠? 스승님께서 제 곁에 계셔서 더욱 강해질 수 있었습니다.,10
512,"스승님, 제게 주신 가르침으로 나아가는 길이 뚜렷해졌습니다.",10
513,"스승님, 별나라로 인도해 주시는 마음에 감사드립니다. 건강하세요.",10
514,"스승님, 항상 기억하고 있습니다. 감사합니다. 건강하세요.",10
515,따뜻하고 사랑으로 가득한 스승님께 깊은 감사를 전합니다.,10
516,선생님께 받았던 따뜻한 배려와 가르침에 항상 감사드립니다.,10
517,선생님의 따뜻한 가르침으로 저의 인생이 더욱 풍요로워졌습니다.,10
518,"따뜻한 마음으로 가르쳐주신 스승님, 항상 감사드립니다.",10
519,선생님의 따뜻한 미소가 항상 저를 행복하게 만듭니다.,10
520,"따뜻한 마음으로 채워주신 스승님, 고맙습니다.",10
521,선생님의 따뜻한 조언으로 더 나은 사람이 되고 싶습니다.,10
522,"따뜻한 가르침으로 길러주신 스승님, 진심으로 감사합니다.",10
523,선생님의 따뜻한 사랑과 배려에 감사합니다.,10
524,"따뜻한 마음이 느껴지는 스승님, 항상 건강하시고 행복하세요.",10
525,"선생님, 그동안 수고 많으셨어요. 사랑합니다.",10
526,"선생님, 항상 저를 믿어주시고 사랑해주셔서 감사해요.",10
527,"선생님, 제게 가르쳐주신 모든 것에 사랑을 담아 감사드려요.",10
528,"선생님, 항상 따뜻한 사랑으로 저를 이끌어주셔서 감사합니다.",10
529,"선생님, 앞으로도 저에게 많은 사랑과 지혜를 전해주시길 바랄게요.",10
530,"선생님, 제게 가르쳐주신 모든 것을 사랑하고 감사하고 있어요.",10
531,"선생님, 당신께 받은 사랑은 저에게 큰 힘이 되어요.",10
532,선생님의 사랑이 저에게는 얼마나 소중한지 잘 알고 있어요.,10
533,"선생님, 항상 사랑으로 가득한 모습으로 제 곁에 계셔주세요.",10
534,"선생님, 저의 성장을 위해 주신 모든 사랑에 감사드려요.",10